account_id,branch_region,account_balance_kes,transactions_per_month,avg_transaction_amount_kes,years_as_customer,digital_banking_usage_score
1,Nairobi,20714.0,49.5,2526.0,1.9,76.50304880289617
2,Coast,43171.0,7.9,4248.0,6.2,67.44169136868045
3,Nairobi,51082.0,19.8,4999.0,5.4,65.49843937750346
4,Nairobi,45884.0,17.4,3173.0,1.1,100.0
5,Nairobi,726439.0,18.4,31945.0,5.6,60.002901685328276
6,Nairobi,50310.0,25.8,3765.0,6.3,24.18950553968361
7,Coast,2371010.0,7.9,50545.0,6.6,47.81806932072034
8,Rift Valley,53519.0,16.7,6711.0,7.3,69.31749243322034
9,Rift Valley,376446.0,18.8,22270.0,8.1,78.71201088640794
10,Rift Valley,24098.0,0.5,400.0,6.1,58.45041169393001
11,Nairobi,328971.0,7.3,20655.0,10.5,67.83961631719693
12,Other,11505.0,0.3,1256.0,8.3,38.4288985612788
13,Rift Valley,39645.0,40.6,2495.0,0.8,41.83453977166705
14,Nairobi,4795682.0,9.9,104631.0,9.3,50.32517351161374
15,Western,39796.0,10.6,2983.0,5.5,55.11269097413194
16,Nairobi,30199.0,1.7,1079.0,8.1,98.401978555933
17,Rift Valley,636774.0,14.7,20003.0,7.9,79.33093778805424
18,Nairobi,677946.0,10.5,27577.0,2.1,29.272509591306452
19,Western,17769.0,0.0,417.0,5.5,53.23069099300695
20,Other,31270.0,21.5,2383.0,0.9,80.67915579042278
21,Rift Valley,699378.0,14.7,23575.0,8.5,77.99889643255183
22,Rift Valley,31950.0,39.4,2025.0,1.5,64.18500530400564
23,Coast,616268.0,0.2,14061.0,6.0,64.12022570641186
24,Nairobi,393118.0,14.3,20705.0,5.5,68.27573015173884
25,Nairobi,31557.0,30.7,1811.0,2.5,24.903257564637606
26,Nairobi,44634.0,11.7,5519.0,8.6,47.59291365144008
27,Other,56765.0,16.5,2547.0,3.0,39.57450661254088
28,Rift Valley,14301.0,21.4,3304.0,6.6,20.383763415207603
29,Nairobi,1000.0,1.8,860.0,0.1,15.396650563985858
30,Nairobi,27125.0,0.1,776.0,3.9,61.38054195991061
31,Western,38423.0,12.5,3630.0,6.1,73.39416281369641
32,Nairobi,66950.0,25.5,1811.0,5.4,55.14728237145514
33,Rift Valley,4025.0,0.4,1160.0,3.4,49.294649071160904
34,Coast,30333.0,0.8,1270.0,7.4,88.46882613510161
35,Other,47406.0,6.3,2474.0,6.6,100.0
36,Other,38070.0,18.1,1397.0,0.1,40.03939315867428
37,Western,5179959.0,9.1,125761.0,4.0,59.14721406449197
38,Coast,1000.0,20.3,5145.0,5.9,89.6439777650403
39,Nairobi,3391034.0,12.8,61199.0,11.7,73.90931811394877
40,Nairobi,4571603.0,9.9,84254.0,7.7,53.47608371155688
41,Coast,29829.0,28.9,2183.0,2.4,70.35729047190641
42,Coast,27853.0,9.7,2316.0,4.7,35.69463703794547
43,Coast,15156.0,0.6,470.0,9.2,60.09418968692074
44,Nairobi,38519.0,15.8,4539.0,6.7,3.7709754421685204
45,Coast,867790.0,7.6,10892.0,6.8,100.0
46,Rift Valley,31304.0,38.0,905.0,1.9,0.5047422241511939
47,Rift Valley,5940108.0,0.0,105467.0,5.7,77.5435133103544
48,Coast,21907.0,40.4,2749.0,1.7,66.06485990181245
49,Rift Valley,687999.0,16.0,27541.0,7.2,
50,Coast,688174.0,12.0,17116.0,7.2,50.182818127606446
51,Rift Valley,47303.0,26.1,3314.0,7.0,21.798485730318525
52,Coast,33580.0,27.3,2946.0,0.8,17.627935577397167
53,Coast,892654.0,11.8,12667.0,6.2,80.58682762197586
54,Other,34272.0,19.2,3565.0,1.7,34.870456518245334
55,Other,852016.0,13.6,15038.0,2.5,92.57878133870652
56,Rift Valley,60473.0,21.1,2921.0,8.2,67.42279954136264
57,Other,504071.0,16.2,24032.0,10.6,100.0
58,Coast,49573.0,14.3,565.0,2.3,76.17540034300295
59,Western,13696.0,24.6,5058.0,6.0,42.20543888921928
60,Rift Valley,27325.0,0.1,3448.0,4.4,27.95162469999983
61,Nairobi,48231.0,14.9,3974.0,7.5,45.122664047318224
62,Rift Valley,34241.0,21.5,1697.0,2.6,74.30452333384312
63,Rift Valley,25163.0,33.0,2042.0,1.1,53.02396156514506
64,Rift Valley,516024.0,7.8,23256.0,8.1,52.419068225837655
65,Nairobi,4107717.0,7.4,80001.0,16.2,64.1993721043704
66,Coast,627233.0,11.4,29645.0,8.0,47.07780860044399
67,Nairobi,18377.0,11.6,3745.0,6.3,100.0
68,Nairobi,6408.0,0.2,776.0,4.2,69.19034554567277
69,Coast,49164.0,27.9,1540.0,0.4,63.03647007556877
70,Coast,47430.0,14.2,1594.0,0.3,87.3239481139093
71,Rift Valley,899046.0,17.8,12170.0,7.9,0.0
72,Rift Valley,836683.0,15.2,38586.0,6.8,53.08777651035696
73,Coast,12972.0,50.0,2676.0,2.3,63.0541566444153
74,Rift Valley,17796.0,18.6,1690.0,2.1,0.0
75,Rift Valley,50505.0,20.8,2955.0,6.6,45.93346693978668
76,Western,28486.0,14.3,3545.0,6.9,60.810234737116446
77,Nairobi,56251.0,20.7,2887.0,4.4,85.62999090962822
78,Coast,17280.0,1.1,439.0,7.2,60.48669146462757
79,Western,6282032.0,6.7,83765.0,13.9,74.32682491091666
80,Coast,711751.0,16.8,11547.0,10.3,97.40764740309781
81,Nairobi,3715768.0,13.2,91930.0,12.2,39.9182798021503
82,Nairobi,26025.0,28.6,1089.0,1.3,30.14720617979337
83,Nairobi,673074.0,19.5,26974.0,6.3,12.735702721385756
84,Other,31154.0,43.3,1375.0,0.9,80.35651113769418
85,Coast,48022.0,22.4,3432.0,7.8,91.13959683550718
86,Rift Valley,40978.0,25.4,1048.0,3.0,84.70702980799206
87,Nairobi,507979.0,16.0,31623.0,4.5,51.667829376216275
88,Other,5207.0,0.9,1394.0,0.1,24.22783194677154
89,Rift Valley,3093.0,1.2,1592.0,7.9,9.771862733834034
90,Other,30165.0,42.4,1808.0,0.4,42.82507558392166
91,Rift Valley,39492.0,20.8,2036.0,1.7,28.841812974851596
92,Nairobi,9924.0,1.3,1185.0,6.5,66.71237155291053
93,Nairobi,46410.0,8.9,3206.0,0.1,63.195360518403106
94,Rift Valley,56720.0,24.5,2168.0,3.6,91.21674466950752
95,Nairobi,669197.0,14.0,16089.0,6.4,67.33489554255561
96,Western,48454.0,8.7,3776.0,4.5,
97,Nairobi,3967867.0,2.2,85724.0,15.3,45.53987752776679
98,Nairobi,35840.0,30.5,2020.0,0.1,53.87677234182161
99,Nairobi,760612.0,14.2,21016.0,3.0,29.908013452902395
100,Western,51016.0,18.1,2112.0,2.1,45.99758193610922
101,Rift Valley,33196.0,1.2,938.0,4.8,73.39470098740905
102,Rift Valley,42940.0,11.9,3143.0,6.3,46.27620154418958
103,Nairobi,17575.0,0.6,931.0,6.7,95.28128937034879
104,Rift Valley,32826.0,29.5,1872.0,0.6,
105,Other,19262.0,1.2,501.0,9.1,68.23016265601709
106,Coast,6952.0,1.2,493.0,10.9,88.83713758411506
107,Coast,23818.0,20.4,2826.0,3.3,47.065170875240945
108,Nairobi,50141.0,1.2,3861.0,3.1,24.2762118769995
109,Coast,11220.0,0.0,1090.0,6.2,65.94063836480208
110,Rift Valley,3617493.0,3.7,82898.0,15.6,37.382578249949475
111,Nairobi,688665.0,18.6,17893.0,3.1,53.28168354342803
112,Rift Valley,39590.0,21.3,4301.0,4.3,
113,Coast,22457.0,41.4,2712.0,1.7,65.87635529462445
114,Nairobi,30526.0,34.5,2823.0,1.8,58.40609661492355
115,Nairobi,23405.0,43.5,1498.0,2.1,4.5333329423907145
116,Western,25675.0,30.1,1005.0,2.8,51.83959517763228
117,Coast,40087.0,16.3,2567.0,8.0,95.46039993169354
118,Rift Valley,41186.0,11.1,5328.0,6.8,43.60661773406254
119,Rift Valley,772236.0,19.3,13539.0,6.5,
120,Western,51288.0,28.2,3533.0,2.6,69.28115032709269
121,Coast,2725449.0,8.1,102961.0,9.3,100.0
122,Nairobi,67116.0,12.8,3007.0,3.4,50.19039087685215
123,Western,18098.0,23.1,1773.0,2.2,65.86642919717318
124,Coast,27857.0,41.8,2187.0,3.6,68.49141790486469
125,Nairobi,45213.0,20.9,4184.0,3.9,18.40122698528269
126,Coast,52990.0,4.3,3760.0,1.9,60.406922783006976
127,Nairobi,47943.0,16.7,1338.0,0.5,40.980713166170084
128,Coast,32932.0,15.1,4736.0,0.1,92.27476177205368
129,Nairobi,23746.0,29.8,2339.0,1.0,48.55679080918534
130,Nairobi,711770.0,9.8,15951.0,9.6,48.830937165208354
131,Nairobi,567132.0,5.1,13272.0,2.4,37.7717644039161
132,Coast,25134.0,29.6,2417.0,1.3,
133,Rift Valley,23835.0,23.9,1616.0,2.0,0.0
134,Rift Valley,18391.0,0.6,827.0,7.2,38.22012583043764
135,Rift Valley,57544.0,15.9,2297.0,8.2,94.21502589978058
136,Nairobi,762600.0,8.3,19480.0,9.4,32.670687314887914
137,Nairobi,737615.0,17.7,28627.0,8.0,60.38482391534439
138,Rift Valley,4840126.0,6.9,91912.0,5.8,52.791604081401815
139,Coast,691973.0,12.9,26481.0,11.0,35.61290390824311
140,Rift Valley,4106279.0,9.5,163062.0,12.0,58.63096217674926
141,Nairobi,397794.0,11.6,24684.0,9.8,18.695684360860803
142,Western,10990.0,30.5,2598.0,2.5,78.21080359783306
143,Western,32717.0,7.3,3613.0,4.2,41.28837503134957
144,Nairobi,32960.0,13.0,5730.0,0.7,39.90224499007387
145,Western,18307.0,0.9,651.0,5.7,40.66130026591119
146,Nairobi,5851287.0,8.6,112909.0,16.8,86.34908906485566
147,Nairobi,43699.0,15.4,3278.0,1.3,36.57805579227404
148,Nairobi,31055.0,27.7,1996.0,2.0,78.03271941245964
149,Coast,52583.0,30.5,2793.0,4.2,22.662053421838117
150,Rift Valley,47383.0,21.1,2079.0,1.5,14.565407776272657
151,Nairobi,11423.0,0.6,1056.0,4.2,40.57843224760882
152,Nairobi,53888.0,29.4,3993.0,0.1,58.658193494043694
153,Nairobi,16236.0,0.4,595.0,0.7,52.54174914812973
154,Coast,38055.0,19.5,3487.0,5.6,35.092602299926824
155,Nairobi,31052.0,1.1,1511.0,0.5,21.322718537225214
156,Coast,12411.0,40.7,3293.0,0.7,29.574849408283523
157,Nairobi,31082.0,32.6,1480.0,1.9,58.0791683744263
158,Coast,751431.0,10.1,15190.0,4.6,47.62688786222043
159,Nairobi,29778.0,29.5,466.0,2.4,50.9018603515758
160,Other,3578910.0,9.9,84662.0,5.0,47.26407266438307
161,Western,784431.0,14.6,25278.0,10.3,58.701389448109204
162,Western,27659.0,0.8,815.0,7.3,57.13860853015214
163,Coast,30794.0,22.9,3701.0,3.6,
164,Rift Valley,41087.0,26.1,1692.0,2.0,28.39826811136666
165,Coast,19475.0,1.6,962.0,5.8,54.485875668915504
166,Nairobi,45778.0,5.8,3459.0,5.3,90.50465709317388
167,Coast,69474.0,20.4,726.0,4.8,95.3695186897923
168,Coast,25711.0,1.1,116.0,10.6,32.64826116187638
169,Nairobi,548488.0,16.3,5834.0,8.7,21.459415764821394
170,Rift Valley,31490.0,23.8,1225.0,0.5,92.81928338948795
171,Nairobi,51718.0,18.0,1320.0,1.6,33.67255713486341
172,Other,35295.0,32.6,715.0,1.5,90.44723527858116
173,Rift Valley,613052.0,7.3,21973.0,2.7,72.10200915004927
174,Nairobi,62083.0,23.0,3828.0,2.9,38.590781360776745
175,Other,785887.0,13.6,24244.0,8.8,89.274057595597
176,Rift Valley,42617.0,19.0,3369.0,3.2,27.071289713797842
177,Rift Valley,678414.0,13.6,27754.0,6.8,53.53213151857126
178,Nairobi,472682.0,8.1,21296.0,1.3,60.44645063577746
179,Nairobi,3604357.0,6.3,84403.0,9.6,25.798748143952277
180,Other,10578.0,0.4,1039.0,7.5,74.71200882549086
181,Nairobi,28945.0,25.9,2242.0,0.5,61.32511967589228
182,Nairobi,510896.0,11.9,10689.0,9.5,53.41712049099293
183,Other,23083.0,1.2,182.0,9.7,56.95377071824126
184,Other,21284.0,2.0,1370.0,5.2,51.885449090902995
185,Other,533428.0,20.6,12855.0,11.4,36.00848509511732
186,Nairobi,31864.0,13.7,2112.0,4.1,27.509978584825475
187,Coast,571376.0,14.0,13504.0,9.6,89.76297725481186
188,Nairobi,1000.0,1.2,1323.0,7.3,9.104155644258022
189,Nairobi,15650.0,1.5,654.0,5.5,28.43256263040096
190,Other,3953413.0,4.8,99172.0,9.1,
191,Rift Valley,27232.0,27.8,2586.0,1.8,7.702772742521745
192,Rift Valley,1000.0,34.9,476.0,1.5,56.15891142228275
193,Rift Valley,650040.0,9.3,33959.0,9.1,40.17851347750712
194,Coast,17405.0,36.4,1479.0,0.9,82.00140641125262
195,Nairobi,48615.0,34.4,1958.0,1.2,57.07380176304424
196,Coast,75500.0,20.6,4188.0,7.8,100.0
197,Nairobi,20865.0,19.8,1594.0,1.4,75.69767556188012
198,Other,833834.0,12.7,18633.0,4.0,48.74041251839743
199,Coast,70346.0,18.2,3944.0,2.3,35.71843442387635
200,Coast,28630.0,1.6,1791.0,5.2,74.50218925546054
201,Rift Valley,54916.0,12.9,3259.0,0.4,
202,Rift Valley,510641.0,6.9,16948.0,9.1,69.033872114954
203,Coast,48147.0,15.4,3684.0,4.5,31.81019214351975
204,Nairobi,7315.0,0.8,981.0,7.3,74.16837884210156
205,Nairobi,35568.0,14.6,3575.0,3.9,86.78416606619979
206,Rift Valley,43656.0,21.2,5069.0,3.9,65.18421054906702
207,Other,233751.0,20.3,26215.0,2.4,56.5359436511117
208,Rift Valley,699120.0,15.7,18406.0,1.3,
209,Coast,10421.0,25.6,1297.0,1.4,83.46497165535564
210,Western,850048.0,14.0,22733.0,3.3,32.47854669320937
211,Other,23421.0,2.1,875.0,7.8,65.46983578525764
212,Nairobi,41456.0,17.6,5514.0,3.1,33.87955701390677
213,Coast,30316.0,23.0,2983.0,2.0,53.92294249265613
214,Other,801936.0,7.6,29041.0,8.3,60.13866458494937
215,Nairobi,4538063.0,7.4,136290.0,10.8,73.26603689492327
216,Rift Valley,35801.0,8.4,3402.0,2.7,37.37007511136631
217,Coast,685693.0,19.2,20074.0,7.3,28.43591168050214
218,Rift Valley,677869.0,13.6,19040.0,6.9,66.56075868595028
219,Other,391929.0,11.4,22186.0,13.2,38.921286050798905
220,Other,46129.0,18.9,3647.0,2.7,39.755792325050805
221,Western,65301.0,11.2,4911.0,4.6,
222,Rift Valley,30676.0,28.3,1177.0,0.1,57.56138719152651
223,Other,16671.0,0.9,922.0,10.0,46.04095118481706
224,Other,9256.0,1.4,958.0,7.9,75.6319983659422
225,Rift Valley,48714.0,6.0,2880.0,0.1,24.665685588698377
226,Nairobi,751252.0,11.9,25571.0,8.1,100.0
227,Coast,19417.0,1.1,1582.0,5.0,86.7199406304592
228,Rift Valley,42623.0,13.9,5925.0,2.7,61.12756964308448
229,Western,502766.0,17.0,30034.0,9.6,54.40640834911564
230,Western,40720.0,32.9,3300.0,0.8,39.72821309508464
231,Nairobi,33019.0,22.3,2079.0,2.5,87.08038224841837
232,Nairobi,406496.0,15.7,12679.0,7.7,47.4575832524389
233,Rift Valley,358079.0,11.4,25923.0,4.7,57.02137087807349
234,Nairobi,541011.0,10.5,18341.0,9.3,73.90306654609817
235,Nairobi,29331.0,25.2,1479.0,1.5,47.475911724185345
236,Western,4091662.0,9.4,94108.0,6.4,15.668337898326222
237,Nairobi,4872668.0,7.5,107097.0,14.0,86.60345855090546
238,Western,555026.0,11.6,17143.0,2.9,57.590492689140554
239,Coast,26939.0,28.2,1218.0,2.6,43.28335952691903
240,Nairobi,26110.0,44.6,2090.0,1.5,65.9154350106663
241,Nairobi,711314.0,1.8,19259.0,8.4,34.309946042778066
242,Nairobi,12649.0,0.5,657.0,5.6,61.847959791252165
243,Coast,66156.0,15.4,3839.0,11.6,14.878568160856346
244,Coast,17859.0,22.5,3591.0,5.2,58.2904068602624
245,Western,56904.0,19.2,4390.0,3.7,
246,Nairobi,28189.0,27.5,2063.0,0.7,20.300609810577825
247,Nairobi,49897.0,17.0,2465.0,8.0,76.61696931298101
248,Other,33930.0,7.1,2818.0,6.4,29.19023527042575
249,Nairobi,42308.0,18.8,3335.0,9.4,45.34672814323109
250,Nairobi,1027222.0,19.0,25261.0,9.4,83.52403867634652
251,Coast,21234.0,1.0,1434.0,4.7,59.74010275814509
252,Nairobi,426727.0,21.2,23483.0,9.6,75.52976144379026
253,Rift Valley,20977.0,36.7,2009.0,2.7,78.25572156581296
254,Nairobi,505617.0,19.9,18900.0,2.7,84.6356973431583
255,Rift Valley,14940.0,1.1,430.0,4.8,28.490538765737156
256,Nairobi,15737.0,0.3,721.0,2.3,13.98678534098191
257,Western,828114.0,15.9,27483.0,4.8,68.90855015015755
258,Rift Valley,4306081.0,8.2,105518.0,7.3,80.41248144484274
259,Nairobi,72939.0,13.0,3913.0,2.2,72.32000486183313
260,Coast,534630.0,18.6,20314.0,8.2,67.87159965069958
261,Western,16823.0,31.1,1432.0,2.7,85.57077477456006
262,Coast,30356.0,21.5,2597.0,1.0,60.70320829261847
263,Coast,28477.0,12.3,4706.0,7.4,9.86097727188018
264,Nairobi,26957.0,32.2,1910.0,0.2,64.2246648122456
265,Rift Valley,64873.0,15.6,1837.0,4.6,59.37443105198682
266,Rift Valley,30559.0,34.5,1576.0,0.4,77.72272208213937
267,Coast,31372.0,42.8,2334.0,1.0,0.0
268,Nairobi,39389.0,26.3,2293.0,0.6,50.570370457014405
269,Nairobi,28457.0,0.9,413.0,5.2,24.385613293132998
270,Coast,460656.0,18.5,21694.0,2.9,58.036171866012694
271,Nairobi,430801.0,17.7,16981.0,2.9,0.0
272,Rift Valley,917957.0,9.5,23470.0,10.4,4.379152850208051
273,Western,371787.0,19.0,14659.0,8.3,86.71435168381439
274,Rift Valley,47619.0,14.8,4247.0,6.8,55.56682381324922
275,Other,32998.0,20.2,4104.0,6.8,100.0
276,Rift Valley,14234.0,0.0,505.0,6.5,59.9977402861958
277,Rift Valley,731508.0,14.0,23366.0,7.9,83.45867170532856
278,Rift Valley,67362.0,22.3,4251.0,4.1,57.313293709704546
279,Other,3581419.0,7.5,65413.0,5.7,41.04345856341327
280,Coast,59026.0,13.8,4264.0,4.6,23.81061708870418
281,Nairobi,317493.0,17.8,10673.0,6.9,85.37588692314505
282,Nairobi,457846.0,15.2,29551.0,5.0,
283,Nairobi,59848.0,14.8,1398.0,3.5,58.526886717328665
284,Other,338133.0,10.9,15964.0,3.4,94.53966293629384
285,Coast,22226.0,0.8,925.0,12.2,
286,Rift Valley,74449.0,17.4,652.0,4.0,100.0
287,Rift Valley,16074.0,1.0,556.0,10.2,69.59474328914115
288,Nairobi,47882.0,30.9,1593.0,1.7,72.21807142384853
289,Rift Valley,19650.0,41.2,2071.0,1.6,61.880203858858586
290,Nairobi,679658.0,8.1,21910.0,9.1,11.142002807824127
291,Other,7817.0,18.8,2730.0,0.8,59.33835493277852
292,Coast,718798.0,6.8,20079.0,7.1,67.21331919217315
293,Nairobi,586977.0,5.4,16902.0,3.8,79.7856460697973
294,Western,31539.0,14.8,3688.0,3.4,53.078847639612555
295,Nairobi,47665.0,12.2,1160.0,5.6,97.67608761433856
296,Coast,3862446.0,10.1,17472.0,8.1,26.68257873732812
297,Western,14483.0,1.7,1305.0,4.6,45.85129210478418
298,Rift Valley,4259691.0,10.5,33973.0,10.5,53.10917999862203
299,Coast,60090.0,17.9,3657.0,7.2,37.30255344226525
300,Western,26584.0,20.3,3917.0,12.7,70.96368879510325
301,Rift Valley,56848.0,13.6,4144.0,1.3,100.0
302,Nairobi,44396.0,17.3,2127.0,6.5,37.858904610184396
303,Other,37877.0,20.4,1510.0,4.0,48.4798000454605
304,Rift Valley,4758594.0,5.2,121533.0,5.6,60.821881202853234
305,Nairobi,17584.0,27.5,628.0,0.8,56.5002440497272
306,Coast,52545.0,15.2,3363.0,6.1,56.33405171151528
307,Nairobi,15316.0,14.8,877.0,1.4,12.343402599836274
308,Western,24237.0,1.8,613.0,3.1,100.0
309,Nairobi,780903.0,13.4,17509.0,7.4,90.20119523379587
310,Rift Valley,34085.0,11.3,1684.0,2.9,99.12156242752502
311,Coast,27418.0,21.0,1446.0,2.9,46.315750688260934
312,Rift Valley,32069.0,45.1,1998.0,0.1,80.32926892471568
313,Nairobi,55808.0,8.8,2463.0,5.8,15.802493743055422
314,Rift Valley,51323.0,28.0,118.0,0.1,79.05738948859562
315,Nairobi,5038657.0,8.3,97922.0,10.2,40.99247952063625
316,Rift Valley,34774.0,15.5,5715.0,2.7,51.58222476222657
317,Rift Valley,650707.0,11.8,26105.0,7.5,23.076144513685655
318,Western,4467634.0,8.3,80341.0,9.4,77.6826426885612
319,Nairobi,4605146.0,2.6,144393.0,12.0,11.285733355268732
320,Nairobi,9948.0,1.3,1285.0,4.3,44.03906102235641
321,Nairobi,32491.0,0.5,1150.0,10.8,86.61451378006885
322,Nairobi,51770.0,12.0,2642.0,0.1,70.02888148034208
323,Other,3508204.0,20.7,73871.0,13.4,24.16271638294735
324,Nairobi,38407.0,23.0,3019.0,3.2,86.0375755310695
325,Nairobi,72574.0,12.5,3169.0,2.3,23.7093653606467
326,Western,16921.0,25.2,1720.0,1.3,65.00355773025424
327,Nairobi,1000.0,44.2,1493.0,2.2,38.8861486046486
328,Western,46998.0,14.9,2788.0,6.8,44.10251097905804
329,Rift Valley,3943873.0,11.5,147769.0,11.0,47.90038163619705
330,Rift Valley,23259.0,29.4,1500.0,1.1,55.81546762244185
331,Coast,4608886.0,7.5,123664.0,10.1,42.13558636778434
332,Nairobi,18273.0,9.6,5064.0,2.5,29.320657026452835
333,Western,42961.0,21.2,4151.0,3.8,59.10449273699077
334,Other,42112.0,13.4,5363.0,2.6,0.0
335,Rift Valley,41219.0,26.8,1589.0,8.4,3.4372206165586974
336,Coast,14789.0,35.3,2683.0,4.0,11.54957110219432
337,Nairobi,66053.0,15.6,2003.0,8.3,72.91485136758006
338,Other,34025.0,29.1,1587.0,1.9,69.20846467650372
339,Coast,577862.0,17.1,10617.0,6.8,9.205958695536054
340,Rift Valley,15887.0,0.5,1213.0,0.1,48.62115415513547
341,Nairobi,43320.0,48.0,2570.0,3.5,72.41869485802891
342,Coast,4134120.0,11.9,88857.0,4.7,87.11807247840399
343,Rift Valley,2700.0,1.6,1444.0,6.5,77.74663268267875
344,Rift Valley,44955.0,27.5,948.0,0.1,38.858205100444245
345,Rift Valley,37536.0,25.2,1831.0,1.2,14.097609258060515
346,Coast,59821.0,6.1,3035.0,5.3,53.16029539191292
347,Western,54346.0,16.0,2477.0,8.6,58.092290521663536
348,Coast,20487.0,49.1,955.0,1.9,49.11161755277119
349,Nairobi,39374.0,19.6,5449.0,3.6,21.450687768190463
350,Rift Valley,43724.0,41.3,1549.0,1.5,90.24570827290532
351,Rift Valley,37801.0,23.4,3429.0,2.9,52.028304069112146
352,Rift Valley,2644487.0,7.7,153247.0,10.8,43.923361455384104
353,Nairobi,614441.0,19.6,23001.0,6.3,70.02141221228007
354,Coast,14082.0,2.0,746.0,5.4,45.216067914310415
355,Other,788438.0,22.4,32206.0,10.7,53.87511995071407
356,Nairobi,4959.0,0.1,996.0,3.9,13.037327082074135
357,Rift Valley,17969.0,1.2,866.0,2.5,55.28922719036175
358,Coast,3050489.0,4.6,94947.0,9.8,92.15315786098074
359,Western,44407.0,17.1,1924.0,2.1,23.64542584891005
360,Nairobi,808121.0,6.7,17314.0,11.2,25.43240928223503
361,Other,40467.0,20.2,1494.0,1.4,91.77998450766768
362,Coast,22728.0,37.3,1351.0,1.5,33.363260488888194
363,Coast,10424.0,1.6,583.0,8.4,96.58132386653371
364,Nairobi,293932.0,18.0,22158.0,4.1,70.42943384745307
365,Coast,11366.0,33.2,1602.0,2.4,65.5421289014481
366,Western,20850.0,17.5,1417.0,2.9,34.898048445612005
367,Rift Valley,296977.0,6.8,20570.0,9.8,36.210165416511735
368,Rift Valley,32693.0,22.7,1936.0,0.5,62.79769542561453
369,Western,55303.0,10.8,2531.0,1.9,40.88195734008118
370,Nairobi,267481.0,16.2,18420.0,7.0,65.10975597036784
371,Nairobi,35720.0,21.8,4433.0,2.5,100.0
372,Western,545391.0,16.2,31101.0,6.8,47.0884189629077
373,Western,951714.0,15.2,14333.0,11.3,57.403216884386644
374,Nairobi,3358145.0,17.2,78249.0,8.8,22.3663030520949
375,Rift Valley,48785.0,23.7,1606.0,1.8,48.95959113676255
376,Coast,83089.0,20.9,4300.0,1.9,55.17108127805618
377,Nairobi,24262.0,32.7,1675.0,0.2,33.78524956842194
378,Nairobi,30536.0,37.5,1355.0,1.5,52.47738940372163
379,Western,12719.0,0.5,523.0,4.8,
380,Western,966528.0,13.6,21046.0,7.5,84.0777057733264
381,Nairobi,579904.0,22.6,21251.0,3.4,64.93106616332668
382,Rift Valley,23364.0,40.8,1389.0,1.1,89.8912815493394
383,Rift Valley,19957.0,39.8,1961.0,1.8,29.89845250700614
384,Western,15863.0,0.8,137.0,4.8,81.26670083978054
385,Western,45398.0,23.0,2770.0,2.1,91.01726813143165
386,Rift Valley,43049.0,41.7,1870.0,1.2,68.33211825759044
387,Coast,1053053.0,18.9,24900.0,7.6,41.96749994308288
388,Western,40827.0,27.8,2090.0,5.6,53.27441870237061
389,Nairobi,28563.0,23.6,2758.0,0.8,50.89972315288622
390,Coast,60156.0,26.9,2188.0,5.3,95.54383053889879
391,Nairobi,573785.0,12.1,18939.0,9.8,62.19749911514998
392,Rift Valley,39495.0,11.2,3084.0,6.3,1.4989324528982593
393,Western,4459959.0,9.3,102622.0,8.5,18.033420414121352
394,Western,31899.0,38.4,2499.0,3.0,77.51309563353716
395,Nairobi,12336.0,1.4,1187.0,9.7,86.43228701798769
396,Western,35764.0,14.1,3578.0,6.1,41.417154249952475
397,Western,60106.0,11.2,169.0,4.3,19.947642944366343
398,Nairobi,59971.0,17.1,2247.0,3.7,56.70338609097738
399,Western,697125.0,9.7,18616.0,6.0,41.90706389136534
400,Coast,31947.0,0.8,795.0,7.8,95.92234316369769
401,Nairobi,528327.0,14.0,10983.0,5.9,64.51090702404078
402,Western,5259.0,2.2,1552.0,2.5,58.30290155625473
403,Nairobi,746367.0,17.1,12196.0,4.1,66.03743377372052
404,Western,532458.0,10.5,29316.0,5.9,20.760417726663043
405,Nairobi,724366.0,12.0,27692.0,10.9,53.19783502106633
406,Nairobi,63424.0,13.2,4896.0,6.8,87.02557257968331
407,Nairobi,12144.0,0.7,993.0,11.6,45.39314546043619
408,Western,45975.0,20.0,1624.0,1.6,4.108934044028544
409,Nairobi,49122.0,21.5,3891.0,7.2,
410,Nairobi,545323.0,18.4,27841.0,6.3,72.94994629230239
411,Nairobi,469831.0,21.3,32832.0,4.2,37.5803554707702
412,Rift Valley,643417.0,16.2,15450.0,4.9,82.31790040080213
413,Rift Valley,763000.0,15.5,18039.0,2.7,18.96300542135137
414,Western,53493.0,9.5,3605.0,6.0,22.81936873899747
415,Nairobi,40282.0,14.4,3587.0,3.5,42.813606606012094
416,Coast,44349.0,15.8,2952.0,3.2,43.46896055506624
417,Coast,3843.0,0.5,1326.0,8.5,59.933399111934264
418,Nairobi,75605.0,20.6,2064.0,8.0,
419,Coast,19979.0,22.6,2097.0,0.1,31.21407550272873
420,Nairobi,4494154.0,8.7,106449.0,4.6,58.89194000338269
421,Nairobi,21117.0,26.0,1553.0,2.4,98.88030387558896
422,Western,733049.0,13.1,17661.0,7.1,58.76669835596787
423,Nairobi,23306.0,35.9,1909.0,2.2,100.0
424,Other,618449.0,11.2,23711.0,9.8,40.14726736748552
425,Nairobi,14659.0,0.7,1012.0,6.3,10.31808774173394
426,Western,12535.0,21.8,2258.0,1.4,20.423399589594098
427,Rift Valley,49183.0,21.2,4530.0,5.8,45.6881808766712
428,Rift Valley,3725777.0,11.1,97457.0,9.8,53.78980987483193
429,Nairobi,48655.0,11.5,3181.0,4.5,
430,Nairobi,72142.0,22.0,3393.0,3.6,45.40763669872846
431,Rift Valley,52123.0,16.1,4707.0,7.8,7.012114917544871
432,Nairobi,547533.0,19.5,35801.0,4.3,100.0
433,Western,13542.0,1.2,1138.0,6.0,
434,Rift Valley,19430.0,0.3,1348.0,3.3,48.49907084259637
435,Other,13888.0,1.9,969.0,7.6,39.28478434928634
436,Rift Valley,551511.0,10.6,26474.0,10.7,17.062616992028715
437,Other,39213.0,23.1,2739.0,5.4,52.30364210897185
438,Coast,3169724.0,16.5,115413.0,8.0,68.64979086104167
439,Nairobi,616167.0,11.8,30817.0,7.9,65.893812909241
440,Nairobi,12391.0,30.0,1731.0,0.4,80.87990698417818
441,Rift Valley,21498.0,20.6,5194.0,6.8,69.06511917301457
442,Rift Valley,16479.0,1.6,1184.0,2.0,52.14749457522717
443,Rift Valley,39634.0,20.0,1525.0,6.3,94.9227541329461
444,Nairobi,25573.0,50.8,2343.0,0.4,54.771442812223995
445,Coast,18530.0,16.9,3494.0,0.4,81.13522344223027
446,Other,5186976.0,9.6,95585.0,10.1,27.775841343610104
447,Coast,607935.0,15.4,20055.0,6.2,86.66001533009734
448,Western,31241.0,20.7,4142.0,3.2,35.43880192806239
449,Western,33499.0,43.4,826.0,1.6,43.01240967396589
450,Coast,18938.0,1.3,1070.0,6.7,50.2514668186665
451,Western,37398.0,32.5,488.0,1.5,52.06314631323603
452,Nairobi,5024258.0,10.6,134158.0,9.4,58.892277096200125
453,Nairobi,973489.0,12.4,27622.0,6.0,25.94956247027478
454,Rift Valley,611764.0,10.8,12790.0,10.1,50.56177132829217
455,Rift Valley,17791.0,16.5,5308.0,5.9,21.425323742055994
456,Rift Valley,30600.0,2.9,3315.0,4.7,96.59706319070487
457,Western,7803.0,1.2,733.0,6.3,56.13596720404714
458,Rift Valley,388587.0,14.6,14104.0,3.9,66.5221152872658
459,Other,44639.0,40.5,2257.0,1.8,38.351014038713316
460,Other,28090.0,33.9,1205.0,0.2,53.3828629347712
461,Nairobi,21419.0,43.3,1947.0,1.6,42.96689141086115
462,Coast,22394.0,25.0,2677.0,1.2,
463,Nairobi,18296.0,27.9,2011.0,1.6,100.0
464,Rift Valley,16131.0,31.0,2880.0,0.7,50.87461223332539
465,Rift Valley,608100.0,17.0,15619.0,8.2,53.203354224618586
466,Western,23304.0,2.6,1083.0,8.3,94.2618585142036
467,Western,1123193.0,8.0,18104.0,3.9,82.64621961862275
468,Western,4458.0,0.6,1112.0,6.8,63.821003691788995
469,Nairobi,52425.0,14.4,3962.0,3.5,16.230396991953562
470,Coast,4470924.0,0.0,93505.0,11.3,56.64907325200051
471,Nairobi,541452.0,26.6,11660.0,4.8,41.60223431563588
472,Western,760903.0,13.7,25381.0,6.1,59.747679311745266
473,Other,477473.0,15.0,26711.0,4.0,87.96016379637004
474,Nairobi,24716.0,29.4,927.0,2.5,79.7509781158514
475,Nairobi,11677.0,0.2,893.0,9.5,60.40768849975268
476,Nairobi,16446.0,2.2,801.0,8.0,54.309949791036004
477,Nairobi,56006.0,17.7,3273.0,5.2,87.44960626970749
478,Rift Valley,41533.0,29.8,2834.0,3.0,78.44187271945731
479,Nairobi,33628.0,22.1,4393.0,1.2,0.0
480,Western,26311.0,41.5,1323.0,2.4,22.713934326305598
481,Western,16925.0,21.3,1496.0,3.0,33.48203935281875
482,Nairobi,47572.0,12.1,1846.0,5.7,62.49735204990006
483,Coast,51835.0,33.3,814.0,1.1,100.0
484,Western,946238.0,3.1,20697.0,8.0,34.53646034417619
485,Nairobi,22142.0,33.0,2298.0,0.1,68.63244905369933
486,Coast,49777.0,23.8,3231.0,0.1,
487,Coast,666893.0,10.9,30172.0,6.1,45.765951741183315
488,Nairobi,22384.0,36.7,1451.0,0.9,41.882969979740025
489,Rift Valley,1000.0,1.1,1072.0,2.8,29.20586979566272
490,Nairobi,36563.0,29.1,4127.0,5.2,48.472630347256576
491,Western,22981.0,28.4,1975.0,6.2,57.780148637194614
492,Other,3526935.0,6.7,143883.0,13.6,0.0
493,Rift Valley,34422.0,22.9,4822.0,1.5,34.68372462659448
494,Western,48983.0,16.6,3013.0,5.6,63.40779244379288
495,Coast,29319.0,25.2,1593.0,1.7,99.80210351585438
496,Nairobi,33564.0,41.4,2727.0,2.0,29.827907284075852
497,Rift Valley,28861.0,21.1,2903.0,0.1,30.52149729075231
498,Other,27351.0,0.0,1290.0,8.4,71.1368690906279
499,Coast,26313.0,1.2,846.0,6.5,43.44963654572267
500,Nairobi,34212.0,17.9,5327.0,5.9,69.82350638699265
501,Rift Valley,42208.0,19.3,2908.0,2.1,46.040172230266464
502,Nairobi,9449.0,20.0,1722.0,1.6,36.1878165411503
503,Nairobi,14456.0,1.6,407.0,4.4,29.518324014147176
504,Rift Valley,31540.0,30.1,1195.0,0.9,54.97470065419489
505,Other,360998.0,8.0,18090.0,10.3,51.59002750357569
506,Nairobi,43219.0,19.6,2183.0,0.1,32.035582896374635
507,Nairobi,4626114.0,1.1,138832.0,12.2,11.78174647637239
508,Rift Valley,56559.0,14.9,3784.0,7.9,85.44387140992647
509,Coast,38225.0,4.4,3500.0,1.4,58.717483571293265
510,Coast,13741.0,8.8,4427.0,10.5,75.47555288382219
511,Western,18615.0,0.0,875.0,13.7,60.812250662320395
512,Western,60513.0,29.0,4913.0,6.4,45.10480896754574
513,Coast,46804.0,15.1,4961.0,5.7,100.0
514,Nairobi,39967.0,18.7,3383.0,3.4,45.864268343669686
515,Nairobi,36696.0,39.6,2544.0,1.7,38.398444761477805
516,Nairobi,549821.0,15.9,22757.0,11.7,63.58436297027541
517,Nairobi,755398.0,15.3,22795.0,6.2,68.18908264327378
518,Coast,502990.0,20.0,29901.0,6.0,42.07821936863978
519,Nairobi,37444.0,18.1,5777.0,1.1,34.42592042893686
520,Nairobi,52843.0,13.9,4087.0,3.3,82.37065182387656
521,Nairobi,24757.0,17.1,1553.0,0.6,97.509756344284
522,Rift Valley,33946.0,15.2,5645.0,7.3,92.50893299270044
523,Nairobi,764015.0,20.7,34277.0,6.4,36.889089779544605
524,Nairobi,7904.0,1.5,100.0,6.5,90.90190357192508
525,Nairobi,30205.0,17.6,2894.0,2.5,57.71525085287903
526,Coast,1000.0,21.7,5297.0,2.3,40.81620254719821
527,Other,13495.0,0.4,478.0,0.1,100.0
528,Nairobi,43346.0,15.7,3958.0,3.9,27.733134093413128
529,Western,14602.0,27.6,2085.0,1.4,41.81879756053256
530,Coast,318173.0,6.3,20027.0,6.6,21.65459459116667
531,Coast,19400.0,25.7,1496.0,2.5,30.28463571635042
532,Nairobi,45631.0,23.0,1027.0,2.5,
533,Coast,4602925.0,7.6,105699.0,9.8,0.5286123692357734
534,Other,19853.0,17.8,3755.0,0.1,40.94978374165285
535,Nairobi,24812.0,26.2,1399.0,1.8,35.030373983363646
536,Other,53727.0,23.5,4893.0,1.0,44.22671624715721
537,Coast,398340.0,17.7,14181.0,3.4,76.34876684026463
538,Rift Valley,34472.0,9.0,4075.0,4.2,67.78221969757452
539,Nairobi,351702.0,16.0,17444.0,3.0,
540,Rift Valley,33365.0,22.7,1494.0,1.2,31.725138200981977
541,Rift Valley,56537.0,18.9,3200.0,2.1,4.836205666646535
542,Other,637810.0,12.0,23833.0,6.0,43.20950647047277
543,Rift Valley,30843.0,28.4,2152.0,1.0,74.42706319554867
544,Nairobi,36322.0,16.8,4896.0,3.5,66.96517527445845
545,Nairobi,45068.0,21.7,2355.0,0.8,67.5862515566399
546,Nairobi,27908.0,34.2,1456.0,1.2,63.62468627155008
547,Nairobi,30766.0,22.1,4873.0,4.7,84.13142123662625
548,Nairobi,672319.0,13.2,20259.0,6.5,0.0
549,Nairobi,4101136.0,10.7,115495.0,14.5,24.108996879276997
550,Nairobi,43851.0,13.6,4951.0,4.3,91.28341838430507
551,Coast,34783.0,17.8,4793.0,1.5,66.96518284411432
552,Nairobi,903461.0,15.4,21918.0,6.6,66.4937787582405
553,Nairobi,7270.0,1.7,219.0,8.1,100.0
554,Coast,58421.0,10.1,1220.0,8.3,32.720898590918054
555,Nairobi,4653557.0,8.4,108239.0,8.8,62.771032150726995
556,Rift Valley,667125.0,14.6,18492.0,7.4,28.627100106987942
557,Coast,3658222.0,12.5,72578.0,11.1,63.83276442249833
558,Rift Valley,39329.0,26.0,3414.0,6.6,74.75034383863178
559,Western,910242.0,15.6,25799.0,11.3,72.098972512118
560,Other,35737.0,37.1,775.0,0.9,89.21589660730226
561,Rift Valley,359926.0,11.4,18410.0,7.2,14.978846408843339
562,Nairobi,11501.0,33.4,2485.0,1.8,85.08162706452222
563,Coast,37531.0,25.3,3975.0,0.5,55.427114963071745
564,Nairobi,34392.0,12.1,3766.0,6.0,
565,Nairobi,34629.0,22.9,4876.0,3.4,56.9309588184243
566,Rift Valley,8070.0,41.2,1694.0,4.0,72.7727714578219
567,Rift Valley,29862.0,15.4,2129.0,1.6,17.43282203805434
568,Coast,52972.0,16.4,3624.0,2.5,23.72176316830943
569,Western,44036.0,18.6,4856.0,5.3,51.8503573757523
570,Nairobi,687916.0,24.8,21062.0,8.5,41.290088010944785
571,Nairobi,688522.0,10.6,32639.0,1.8,73.95731730791464
572,Rift Valley,18819.0,1.2,518.0,7.0,88.16325347061888
573,Rift Valley,38095.0,37.5,1281.0,1.4,38.34042575581187
574,Coast,56220.0,8.6,1749.0,1.4,55.30965676434091
575,Other,16545.0,31.2,1007.0,0.5,96.75502732880628
576,Nairobi,15795.0,29.1,1584.0,1.8,38.95578854320796
577,Coast,892479.0,12.2,20098.0,19.0,73.93279616045581
578,Western,9367.0,34.7,1834.0,0.1,28.547224115282983
579,Nairobi,7671.0,29.2,431.0,1.4,77.11741633682627
580,Nairobi,14482.0,2.1,513.0,5.4,54.72224207956921
581,Rift Valley,27322.0,16.5,2070.0,1.3,8.979773702527503
582,Coast,28585.0,27.3,1104.0,1.6,20.340319286595374
583,Nairobi,19803.0,20.0,1987.0,1.8,
584,Nairobi,719466.0,19.9,20698.0,7.1,57.49360417818563
585,Other,1000.0,0.7,1203.0,11.3,100.0
586,Nairobi,776554.0,6.4,16725.0,5.5,77.07954617781988
587,Coast,37548.0,14.7,1307.0,1.2,83.35849419677876
588,Western,33067.0,22.1,5693.0,4.4,2.427831452004831
589,Rift Valley,41153.0,37.1,2752.0,1.7,76.28712702161681
590,Other,417372.0,18.7,24170.0,3.7,40.561750879018234
591,Nairobi,33454.0,18.6,1352.0,2.2,84.36543618211311
592,Coast,3830929.0,6.6,106960.0,5.0,32.77627412460512
593,Nairobi,39201.0,14.6,3469.0,5.4,33.319829568431146
594,Other,39870.0,17.1,3724.0,0.1,35.01189903170004
595,Coast,43345.0,21.6,4685.0,3.5,100.0
596,Other,14642.0,40.6,220.0,2.2,48.368101664181744
597,Nairobi,55247.0,16.5,2925.0,3.5,32.366814080427474
598,Coast,35392.0,0.9,871.0,0.7,100.0
599,Nairobi,4671958.0,7.2,52463.0,3.8,100.0
600,Nairobi,32061.0,13.8,4801.0,4.2,39.8745263835955
601,Other,2201.0,28.3,2744.0,0.6,57.944672611444176
602,Nairobi,46156.0,17.5,2081.0,2.2,43.13102603324484
603,Rift Valley,25905.0,25.1,2857.0,2.1,
604,Nairobi,11390.0,0.3,914.0,4.9,55.70942307218035
605,Nairobi,14198.0,1.3,1261.0,8.7,0.5798383394018316
606,Nairobi,33593.0,17.6,3824.0,6.7,100.0
607,Western,741141.0,7.8,30718.0,6.0,78.81156404917952
608,Nairobi,24362.0,31.2,2798.0,0.5,62.04634496337113
609,Nairobi,52704.0,28.7,2250.0,0.7,64.24581594604783
610,Western,66096.0,32.0,1579.0,6.8,28.74436460442229
611,Rift Valley,16524.0,1.6,1434.0,10.4,42.17183963887923
612,Other,5709215.0,8.2,63088.0,10.1,36.759569475392794
613,Nairobi,39149.0,18.6,1379.0,2.5,78.78056783297052
614,Coast,38511.0,13.7,2234.0,1.1,14.015086360359916
615,Coast,39879.0,20.8,5838.0,0.1,0.0
616,Rift Valley,21842.0,17.5,2054.0,1.7,42.55061090533118
617,Other,60013.0,12.3,3549.0,0.1,63.598751927229564
618,Western,14162.0,1.1,1125.0,2.6,47.72614223811497
619,Western,44662.0,17.8,4679.0,4.7,24.34017388454349
620,Rift Valley,35539.0,46.7,1316.0,0.1,69.93710366774674
621,Western,738518.0,22.6,22867.0,10.6,78.49909960117508
622,Coast,32037.0,26.1,1205.0,2.4,58.94096111687019
623,Rift Valley,58810.0,9.3,3067.0,0.1,17.77659351781329
624,Nairobi,39277.0,30.7,2162.0,3.2,97.23110074334636
625,Coast,645439.0,8.9,19264.0,3.3,13.933487957067499
626,Nairobi,61073.0,23.8,2800.0,2.2,69.88302334096332
627,Other,24053.0,16.0,2920.0,2.3,47.01566817426718
628,Rift Valley,23793.0,40.8,1919.0,0.1,63.50705744907182
629,Western,2572356.0,3.1,107375.0,13.3,26.998948635157785
630,Rift Valley,3634067.0,6.5,49956.0,4.6,19.82146447027617
631,Nairobi,61785.0,19.0,3740.0,6.9,48.216805540632606
632,Nairobi,410687.0,17.6,28243.0,6.0,61.997597355982506
633,Coast,24712.0,1.0,767.0,1.9,
634,Other,48599.0,8.2,5741.0,0.6,29.97201631571363
635,Western,18794.0,19.3,842.0,0.1,49.937916435681444
636,Coast,19589.0,1.1,1610.0,6.3,37.62733916396865
637,Rift Valley,9956.0,37.4,1782.0,1.5,58.42366186428295
638,Nairobi,698270.0,14.0,29553.0,8.4,59.37426701113598
639,Rift Valley,46761.0,19.5,5790.0,5.1,70.44589763984062
640,Coast,6506.0,15.7,1642.0,6.2,63.309623088013524
641,Rift Valley,32170.0,20.0,6925.0,2.6,
642,Western,33574.0,16.9,2252.0,4.1,100.0
643,Nairobi,47387.0,20.3,2935.0,7.7,58.2282306952806
644,Nairobi,31340.0,12.3,4196.0,8.0,71.34570245138798
645,Nairobi,31119.0,18.4,2397.0,1.0,49.034065455001404
646,Rift Valley,989269.0,17.1,15793.0,5.2,27.61271269258981
647,Coast,18376.0,36.8,2607.0,0.8,50.72067189542553
648,Coast,461852.0,21.9,14824.0,9.7,63.44627311593257
649,Other,38531.0,14.7,4196.0,6.6,79.43334947963702
650,Nairobi,658241.0,11.4,19083.0,6.9,43.59529070392215
651,Nairobi,12429.0,14.7,2540.0,0.5,73.55999187343136
652,Western,22148.0,0.7,1001.0,4.7,22.919150203036644
653,Western,4896454.0,9.1,123237.0,7.8,52.393310059279564
654,Rift Valley,37495.0,24.5,3800.0,5.0,58.79031065232756
655,Rift Valley,13162.0,0.4,456.0,5.9,65.28404569807867
656,Rift Valley,48749.0,25.3,1421.0,0.4,42.243756288103214
657,Nairobi,42403.0,40.1,1280.0,0.3,
658,Nairobi,30863.0,16.0,4897.0,6.0,40.679157959816905
659,Rift Valley,47955.0,28.6,2004.0,1.9,95.38496565643686
660,Coast,3493311.0,6.6,86219.0,5.0,54.39199735216899
661,Nairobi,12751.0,1.2,344.0,4.6,48.45205205060001
662,Coast,660203.0,10.8,19839.0,10.8,9.109340366952232
663,Nairobi,33013.0,35.7,2086.0,0.8,79.11727642594224
664,Western,16513.0,1.1,468.0,5.6,42.33297290025947
665,Western,5083765.0,4.8,97312.0,6.4,24.36988204572029
666,Nairobi,550899.0,9.3,16388.0,3.2,69.94067981299595
667,Nairobi,50381.0,23.1,4022.0,4.8,55.816893898259494
668,Coast,30505.0,24.8,3363.0,2.2,94.16834629727992
669,Nairobi,43790.0,20.5,1948.0,0.1,47.74616685995394
670,Rift Valley,23825.0,17.3,6022.0,1.1,55.07158951442648
671,Rift Valley,980430.0,14.4,17866.0,7.9,0.0
672,Coast,704270.0,18.3,13380.0,10.8,25.885035885251057
673,Nairobi,5566904.0,5.4,103517.0,9.5,0.0
674,Other,29492.0,18.4,1970.0,3.4,71.55912445381333
675,Rift Valley,36500.0,26.3,1333.0,2.4,62.51396599066365
676,Nairobi,28946.0,34.2,1377.0,0.8,54.53501026262337
677,Nairobi,46857.0,19.1,2612.0,4.2,15.958008555472496
678,Other,3415416.0,4.2,104192.0,9.8,40.516087080342984
679,Other,10042.0,1.1,1189.0,4.3,30.308291390501385
680,Nairobi,398015.0,7.1,16672.0,8.2,52.780919652179534
681,Other,13371.0,24.9,1841.0,1.3,42.08120476992575
682,Other,582967.0,18.1,19788.0,6.2,55.247683093335176
683,Other,49486.0,24.5,5011.0,2.0,32.59878125423043
684,Rift Valley,30329.0,17.0,5404.0,4.0,40.68872646280465
685,Coast,66234.0,9.4,4810.0,1.6,25.318497827456213
686,Nairobi,39404.0,22.9,4463.0,0.1,38.70921752064484
687,Other,634121.0,14.5,24874.0,4.0,62.84915780959802
688,Rift Valley,46955.0,5.4,5842.0,3.6,45.15382874334056
689,Coast,31113.0,17.2,2669.0,2.3,52.52659001605792
690,Rift Valley,29343.0,21.1,2501.0,1.8,57.80450062200232
691,Nairobi,25275.0,26.8,1060.0,1.8,79.25709087297389
692,Rift Valley,46462.0,28.7,1674.0,0.5,34.85263273779612
693,Western,30930.0,27.7,1552.0,1.6,60.827396033776076
694,Nairobi,11784.0,0.3,545.0,7.8,17.202568110974774
695,Western,45189.0,7.9,3737.0,5.2,94.32915211190698
696,Western,4932825.0,8.3,126170.0,3.3,68.60541979000406
697,Other,19107.0,1.3,723.0,4.7,48.75522845087824
698,Nairobi,913798.0,3.8,18308.0,7.2,59.04379117612223
699,Nairobi,43244.0,46.0,1743.0,1.9,22.687704671901265
700,Rift Valley,10139.0,1.3,1180.0,0.1,76.6809289980466
