customer_id,preferred_device,recency_days,frequency_per_year,avg_order_value_kes,total_lifetime_spend_kes,num_categories_purchased
1,Desktop,290.0,0.4,2463.0,1821.0,2.0
2,Mobile,289.0,2.2,2704.0,10655.0,1.0
3,Mobile,19.0,20.2,8491.0,318415.0,4.0
4,Mobile,27.0,14.3,5629.0,242350.0,5.0
5,Mobile,101.0,10.3,6443.0,110436.0,4.0
6,Desktop,121.0,10.0,6320.0,131424.0,3.0
7,Mobile,294.0,0.7,1978.0,4547.0,1.0
8,Tablet,311.0,1.4,1697.0,7317.0,1.0
9,Mobile,29.0,24.2,7692.0,483126.0,7.0
10,Desktop,285.0,0.2,1973.0,1344.0,1.0
11,Desktop,19.0,27.3,,367896.0,6.0
12,Desktop,31.0,14.2,3591.0,153120.0,4.0
13,Tablet,31.0,15.2,4434.0,145536.0,4.0
14,Mobile,308.0,1.6,1888.0,8566.0,1.0
15,Desktop,20.0,14.2,4490.0,202736.0,5.0
16,Mobile,13.0,2.4,3384.0,14445.0,2.0
17,Mobile,19.0,21.7,8075.0,318118.0,5.0
18,Desktop,86.0,10.2,5677.0,171917.0,2.0
19,Tablet,27.0,17.8,5183.0,177825.0,5.0
20,Desktop,135.0,10.5,7372.0,206514.0,3.0
21,Mobile,314.0,2.1,2018.0,9329.0,1.0
22,Desktop,3.0,2.5,4059.0,19502.0,3.0
23,Mobile,9.0,25.1,9004.0,406740.0,6.0
24,Mobile,312.0,0.2,3097.0,1933.0,1.0
25,Desktop,7.0,0.2,4850.0,3240.0,1.0
26,Mobile,32.0,18.4,5387.0,319488.0,3.0
27,Desktop,4.0,19.2,3604.0,133508.0,5.0
28,Mobile,155.0,9.3,4498.0,81555.0,2.0
29,Mobile,1.0,2.2,3949.0,13302.0,1.0
30,Desktop,320.0,0.2,2124.0,1000.0,1.0
31,Mobile,13.0,24.5,8471.0,605686.0,5.0
32,Mobile,39.0,14.4,3961.0,135145.0,4.0
33,Mobile,21.0,23.8,9192.0,411052.0,6.0
34,Mobile,12.0,0.6,3656.0,7642.0,1.0
35,Desktop,12.0,3.2,3494.0,30467.0,1.0
36,Mobile,36.0,12.9,3624.0,156954.0,4.0
37,Desktop,291.0,0.6,2605.0,3557.0,1.0
38,Desktop,25.0,3.1,4228.0,22562.0,2.0
39,Mobile,8.0,0.7,4143.0,9889.0,3.0
40,Mobile,33.0,11.5,4111.0,154074.0,5.0
41,Mobile,19.0,22.7,8594.0,354018.0,7.0
42,Desktop,1.0,1.9,3850.0,22106.0,2.0
43,Mobile,23.0,10.8,4901.0,99742.0,3.0
44,Mobile,319.0,0.9,2268.0,6122.0,1.0
45,Desktop,174.0,11.7,5576.0,150647.0,3.0
46,Mobile,38.0,13.5,4854.0,222717.0,5.0
47,Desktop,14.0,27.7,6290.0,474715.0,6.0
48,Mobile,12.0,4.4,4611.0,31800.0,2.0
49,Desktop,24.0,9.5,3588.0,51317.0,5.0
50,Mobile,265.0,1.1,2823.0,10088.0,1.0
51,Mobile,18.0,21.1,8721.0,525163.0,6.0
52,Mobile,30.0,16.4,5202.0,152895.0,3.0
53,Mobile,16.0,22.7,7480.0,401147.0,4.0
54,Mobile,187.0,13.0,5899.0,167969.0,2.0
55,Desktop,20.0,25.8,7690.0,599961.0,5.0
56,Desktop,9.0,1.5,3798.0,11639.0,2.0
57,Mobile,22.0,10.0,5304.0,106702.0,4.0
58,Desktop,141.0,7.1,5998.0,65401.0,2.0
59,Mobile,122.0,13.2,5973.0,191413.0,3.0
60,Desktop,175.0,12.7,7523.0,293358.0,3.0
61,Mobile,13.0,21.4,8122.0,506348.0,6.0
62,Desktop,146.0,10.3,6972.0,111099.0,3.0
63,Desktop,38.0,18.5,4153.0,258197.0,3.0
64,Desktop,5.0,2.1,5145.0,37925.0,1.0
65,Mobile,43.0,14.6,4913.0,188525.0,4.0
66,Tablet,326.0,0.2,1750.0,1000.0,1.0
67,Mobile,34.0,11.1,4322.0,141749.0,4.0
68,Desktop,9.0,1.6,4007.0,19260.0,2.0
69,Tablet,170.0,9.9,6484.0,169009.0,2.0
70,Desktop,23.0,10.4,4407.0,102703.0,4.0
71,Mobile,2.0,2.0,4108.0,18674.0,2.0
72,Desktop,3.0,1.1,4171.0,7958.0,2.0
73,Mobile,163.0,9.6,5297.0,157964.0,4.0
74,Tablet,22.0,15.3,4575.0,155746.0,4.0
75,Mobile,348.0,0.5,2190.0,2103.0,1.0
76,Desktop,19.0,1.7,2778.0,9163.0,3.0
77,Desktop,99.0,7.4,5606.0,82476.0,3.0
78,Mobile,332.0,0.2,2467.0,1299.0,1.0
79,Mobile,108.0,14.3,5100.0,202994.0,2.0
80,Mobile,156.0,7.6,6192.0,154795.0,4.0
81,Mobile,18.0,21.5,7259.0,533442.0,7.0
82,Desktop,21.0,3.3,,45928.0,1.0
83,Mobile,19.0,21.6,8928.0,332448.0,6.0
84,Mobile,14.0,23.7,9150.0,477713.0,7.0
85,Mobile,362.0,0.2,2239.0,1334.0,1.0
86,Mobile,333.0,1.0,2209.0,4246.0,1.0
87,Desktop,22.0,18.8,4477.0,269582.0,3.0
88,Desktop,265.0,0.9,2846.0,7970.0,1.0
89,Mobile,205.0,9.2,5938.0,120569.0,2.0
90,Desktop,296.0,0.2,2464.0,1666.0,1.0
91,Desktop,18.0,3.0,3535.0,20644.0,3.0
92,Mobile,141.0,7.0,5547.0,58738.0,3.0
93,Mobile,7.0,0.5,5128.0,5562.0,2.0
94,Tablet,8.0,24.3,8155.0,686246.0,4.0
95,Desktop,28.0,15.7,4035.0,96674.0,4.0
96,Mobile,356.0,0.8,2737.0,6467.0,1.0
97,Mobile,157.0,10.5,6070.0,120003.0,3.0
98,Mobile,19.0,3.3,3757.0,28674.0,2.0
99,Mobile,150.0,9.1,6307.0,177736.0,3.0
100,Mobile,153.0,8.5,6003.0,154268.0,3.0
101,Desktop,10.0,0.2,3525.0,2441.0,3.0
102,Mobile,102.0,3.3,7002.0,60860.0,1.0
103,Mobile,8.0,1.2,4018.0,16235.0,2.0
104,Mobile,148.0,11.6,5264.0,200673.0,3.0
105,Desktop,139.0,13.2,6155.0,170114.0,3.0
106,Mobile,37.0,11.9,6325.0,164697.0,4.0
107,Desktop,5.0,1.2,4457.0,13114.0,2.0
108,Mobile,11.0,25.1,8809.0,406578.0,6.0
109,Desktop,24.0,14.5,4828.0,239310.0,5.0
110,Tablet,186.0,8.6,5729.0,95477.0,4.0
111,Mobile,175.0,8.5,6799.0,199616.0,3.0
112,Mobile,14.0,1.5,3852.0,14005.0,3.0
113,Tablet,169.0,7.7,6176.0,117928.0,3.0
114,Mobile,134.0,9.8,6043.0,114928.0,3.0
115,Desktop,34.0,10.4,5091.0,110300.0,3.0
116,Mobile,31.0,15.4,6272.0,181500.0,4.0
117,Desktop,315.0,0.2,1943.0,1000.0,1.0
118,Mobile,147.0,5.2,,50145.0,4.0
119,Mobile,179.0,8.0,6693.0,157882.0,3.0
120,Desktop,336.0,4.8,2421.0,30556.0,1.0
121,Mobile,23.0,21.2,7742.0,247768.0,7.0
122,Mobile,40.0,15.4,5291.0,170494.0,3.0
123,Desktop,28.0,12.5,4694.0,121867.0,4.0
124,Desktop,6.0,2.6,4820.0,18737.0,3.0
125,Desktop,134.0,10.3,5647.0,183164.0,2.0
126,Mobile,31.0,12.8,5767.0,256992.0,4.0
127,Desktop,22.0,18.7,5813.0,344912.0,4.0
128,Mobile,309.0,1.1,2999.0,11005.0,1.0
129,Mobile,22.0,18.4,4563.0,246353.0,4.0
130,Mobile,9.0,0.7,3613.0,7581.0,2.0
131,Desktop,25.0,21.0,8149.0,580031.0,7.0
132,Tablet,12.0,1.3,4123.0,15639.0,2.0
133,Mobile,313.0,0.5,1827.0,2123.0,1.0
134,Tablet,28.0,19.2,8480.0,421693.0,6.0
135,Mobile,16.0,1.8,3408.0,18769.0,3.0
136,Mobile,26.0,21.2,4420.0,226436.0,5.0
137,Desktop,105.0,9.3,6729.0,205010.0,3.0
138,Desktop,33.0,15.1,5318.0,129192.0,3.0
139,Mobile,237.0,1.7,1799.0,5108.0,1.0
140,Mobile,10.0,2.7,4390.0,29205.0,1.0
141,Mobile,139.0,9.0,6383.0,183376.0,4.0
142,Desktop,300.0,3.2,2805.0,20659.0,1.0
143,Desktop,286.0,2.6,2273.0,17638.0,2.0
144,Desktop,34.0,15.2,3822.0,157426.0,3.0
145,Desktop,16.0,1.5,4138.0,19311.0,1.0
146,Mobile,252.0,1.2,2520.0,8779.0,1.0
147,Mobile,2.0,1.7,3934.0,11129.0,2.0
148,Desktop,21.0,12.6,5977.0,207185.0,5.0
149,Desktop,294.0,0.6,3931.0,6728.0,1.0
150,Mobile,24.0,10.8,5159.0,193471.0,4.0
151,Desktop,141.0,8.0,6041.0,79772.0,3.0
152,Tablet,14.0,18.2,5458.0,344889.0,4.0
153,Mobile,199.0,12.9,7137.0,267243.0,4.0
154,Desktop,132.0,12.6,4635.0,174170.0,3.0
155,Mobile,40.0,8.8,5441.0,72359.0,4.0
156,Mobile,155.0,9.8,6429.0,203279.0,3.0
157,Mobile,306.0,0.4,2499.0,2374.0,1.0
158,Desktop,324.0,1.8,2884.0,14704.0,1.0
159,Mobile,10.0,2.2,3761.0,27606.0,2.0
160,Desktop,161.0,15.3,5872.0,261946.0,5.0
161,Tablet,16.0,2.6,4289.0,35210.0,2.0
162,Mobile,128.0,10.8,6175.0,212976.0,4.0
163,Desktop,357.0,0.2,2264.0,1080.0,1.0
164,Mobile,323.0,0.8,2512.0,3409.0,1.0
165,Desktop,145.0,13.8,5415.0,244307.0,3.0
166,Mobile,311.0,0.2,2129.0,1488.0,1.0
167,Mobile,28.0,13.4,5299.0,159063.0,3.0
168,Desktop,290.0,0.2,,2113.0,2.0
169,Mobile,126.0,6.0,5577.0,115589.0,2.0
170,Desktop,117.0,9.7,5830.0,154882.0,2.0
171,Mobile,7.0,2.9,4127.0,41194.0,2.0
172,Mobile,318.0,1.7,2215.0,6622.0,1.0
173,Mobile,8.0,22.2,8208.0,404313.0,7.0
174,Desktop,133.0,12.4,6544.0,229586.0,4.0
175,Mobile,150.0,10.1,5919.0,178334.0,3.0
176,Desktop,142.0,10.8,6478.0,126396.0,2.0
177,Desktop,103.0,9.6,6571.0,178645.0,4.0
178,Mobile,342.0,1.1,1796.0,4751.0,1.0
179,Desktop,11.0,2.8,3816.0,28033.0,2.0
180,Mobile,47.0,14.5,5209.0,200037.0,3.0
181,Mobile,23.0,18.0,7804.0,452608.0,6.0
182,Mobile,28.0,16.0,4413.0,202389.0,5.0
183,Desktop,36.0,11.6,4725.0,89740.0,6.0
184,Desktop,232.0,1.1,2254.0,4100.0,1.0
185,Mobile,306.0,1.0,2616.0,5016.0,1.0
186,Mobile,28.0,23.6,7743.0,464720.0,5.0
187,Mobile,40.0,19.0,5753.0,189713.0,5.0
188,Tablet,24.0,10.5,4425.0,139308.0,3.0
189,Desktop,6.0,2.4,3460.0,22515.0,2.0
190,Desktop,13.0,2.5,4746.0,26188.0,2.0
191,Mobile,16.0,1.2,4384.0,16416.0,1.0
192,Mobile,163.0,11.3,6582.0,203090.0,4.0
193,Mobile,14.0,2.6,4206.0,37033.0,2.0
194,Desktop,5.0,26.5,9737.0,581460.0,6.0
195,Mobile,11.0,1.7,3460.0,10886.0,1.0
196,Desktop,277.0,0.2,3416.0,1904.0,1.0
197,Desktop,144.0,16.5,5945.0,319456.0,2.0
198,Mobile,327.0,0.2,2054.0,1244.0,1.0
199,Mobile,18.0,18.9,4939.0,159236.0,4.0
200,Desktop,6.0,1.3,4189.0,14296.0,3.0
201,Mobile,45.0,13.2,5283.0,204532.0,4.0
202,Tablet,10.0,2.6,4031.0,28398.0,2.0
203,Desktop,150.0,11.8,6296.0,213246.0,4.0
204,Desktop,32.0,13.7,5354.0,252384.0,4.0
205,Desktop,11.0,2.9,3917.0,27266.0,2.0
206,Desktop,102.0,6.3,5911.0,72746.0,4.0
207,Desktop,43.0,11.8,5159.0,161409.0,4.0
208,Desktop,17.0,1.3,4412.0,15484.0,1.0
209,Desktop,10.0,22.0,9669.0,468890.0,6.0
210,Tablet,4.0,2.4,4232.0,21090.0,3.0
211,Mobile,11.0,1.5,4287.0,19333.0,1.0
212,Mobile,19.0,17.1,7830.0,404631.0,6.0
213,Desktop,13.0,16.7,9215.0,320144.0,4.0
214,Tablet,31.0,18.9,5404.0,341602.0,3.0
215,Mobile,168.0,11.7,7001.0,260343.0,3.0
216,Mobile,111.0,7.7,6022.0,70339.0,3.0
217,Desktop,6.0,22.4,8730.0,309501.0,7.0
218,Mobile,12.0,19.5,6044.0,389315.0,4.0
219,Mobile,275.0,1.9,2626.0,14778.0,1.0
220,Mobile,10.0,1.9,4620.0,26090.0,1.0
221,Mobile,21.0,32.0,7823.0,428037.0,5.0
222,Mobile,277.0,0.7,2397.0,5415.0,2.0
223,Desktop,16.0,22.9,7480.0,473613.0,5.0
224,Desktop,275.0,0.2,1636.0,1000.0,1.0
225,Mobile,310.0,0.2,1592.0,1000.0,1.0
226,Desktop,19.0,15.5,5244.0,237359.0,2.0
227,Desktop,29.0,13.1,5835.0,255297.0,4.0
228,Mobile,190.0,11.2,6089.0,198121.0,3.0
229,Desktop,136.0,9.0,6064.0,187090.0,3.0
230,Tablet,15.0,1.5,3108.0,13386.0,1.0
231,Mobile,134.0,6.9,4987.0,79884.0,4.0
232,Desktop,249.0,0.6,3065.0,5599.0,1.0
233,Mobile,336.0,0.2,1574.0,1046.0,1.0
234,Mobile,11.0,28.2,9186.0,730952.0,4.0
235,Desktop,19.0,29.1,9217.0,601809.0,5.0
236,Mobile,35.0,17.8,4963.0,141575.0,4.0
237,Desktop,365.0,0.3,1567.0,1220.0,1.0
238,Mobile,16.0,3.6,3962.0,41286.0,2.0
239,Desktop,10.0,1.8,5169.0,22522.0,3.0
240,Mobile,10.0,2.1,4705.0,19308.0,2.0
241,Mobile,24.0,17.2,4710.0,269286.0,4.0
242,Desktop,18.0,0.5,4737.0,6396.0,1.0
243,Mobile,33.0,12.8,4320.0,107569.0,5.0
244,Mobile,19.0,23.2,7511.0,323414.0,6.0
245,Desktop,23.0,27.5,8685.0,526032.0,6.0
246,Mobile,36.0,12.7,5667.0,143919.0,4.0
247,Desktop,282.0,2.7,2636.0,19705.0,1.0
248,Desktop,20.0,13.1,4897.0,198146.0,5.0
249,Mobile,2.0,1.8,3745.0,12871.0,2.0
250,Desktop,79.0,10.3,5288.0,113257.0,4.0
251,Mobile,11.0,24.0,9346.0,651399.0,6.0
252,Mobile,17.0,26.9,8310.0,546347.0,7.0
253,Mobile,12.0,20.9,7457.0,495081.0,7.0
254,Desktop,20.0,2.8,4103.0,33282.0,2.0
255,Desktop,2.0,2.3,3266.0,14403.0,3.0
256,Mobile,5.0,26.3,9085.0,748636.0,5.0
257,Mobile,18.0,0.3,3657.0,3008.0,2.0
258,Mobile,32.0,16.2,5663.0,156503.0,4.0
259,Desktop,17.0,25.9,8267.0,605867.0,5.0
260,Tablet,141.0,9.3,5960.0,99081.0,3.0
261,Mobile,9.0,1.5,3395.0,17675.0,3.0
262,Tablet,288.0,0.5,2987.0,3911.0,1.0
263,Desktop,8.0,25.3,7144.0,544761.0,9.0
264,Mobile,236.0,0.2,2510.0,1000.0,1.0
265,Desktop,27.0,14.3,4565.0,119770.0,4.0
266,Tablet,17.0,2.5,3643.0,15341.0,2.0
267,Mobile,292.0,1.8,2322.0,12955.0,1.0
268,Mobile,358.0,0.2,2121.0,1354.0,1.0
269,Desktop,293.0,2.5,2539.0,16046.0,2.0
270,Mobile,315.0,0.2,2968.0,1000.0,1.0
271,Desktop,1.0,27.7,9555.0,825179.0,6.0
272,Desktop,11.0,0.8,3746.0,5066.0,2.0
273,Desktop,14.0,1.1,5031.0,19181.0,2.0
274,Mobile,12.0,2.7,4596.0,26307.0,1.0
275,Mobile,11.0,3.0,2982.0,18503.0,2.0
276,Desktop,18.0,14.4,4984.0,247125.0,3.0
277,Mobile,14.0,24.0,10031.0,564843.0,7.0
278,Desktop,20.0,9.4,4798.0,151997.0,4.0
279,Desktop,177.0,11.4,6601.0,199289.0,4.0
280,Mobile,162.0,10.0,6374.0,197137.0,3.0
281,Mobile,11.0,1.7,4389.0,14099.0,2.0
282,Mobile,24.0,14.0,5175.0,171830.0,4.0
283,Desktop,27.0,14.9,5368.0,134137.0,2.0
284,Tablet,12.0,13.7,4729.0,208170.0,4.0
285,Mobile,39.0,16.1,5158.0,168423.0,5.0
286,Mobile,119.0,7.2,6687.0,163295.0,4.0
287,Desktop,7.0,3.0,3864.0,36798.0,1.0
288,Mobile,173.0,3.6,6633.0,59358.0,3.0
289,Mobile,322.0,0.3,2366.0,2085.0,1.0
290,Mobile,186.0,10.1,6017.0,147720.0,3.0
291,Tablet,41.0,23.1,,322732.0,4.0
292,Mobile,9.0,1.2,4024.0,10842.0,1.0
293,Desktop,299.0,0.5,2880.0,3083.0,1.0
294,Tablet,15.0,2.7,3042.0,16786.0,2.0
295,Mobile,33.0,14.8,4861.0,137958.0,3.0
296,Mobile,6.0,3.4,3449.0,27676.0,2.0
297,Mobile,305.0,0.2,2648.0,1544.0,1.0
298,Mobile,254.0,0.6,3039.0,3494.0,1.0
299,Desktop,19.0,22.4,,551909.0,4.0
300,Mobile,38.0,15.3,5508.0,295126.0,5.0
301,Desktop,166.0,10.3,,92357.0,4.0
302,Mobile,19.0,27.1,7627.0,456026.0,6.0
303,Mobile,165.0,9.2,,77484.0,2.0
304,Mobile,25.0,12.9,6042.0,152416.0,4.0
305,Desktop,128.0,10.8,5225.0,119570.0,4.0
306,Mobile,24.0,11.2,4254.0,150793.0,5.0
307,Tablet,338.0,3.1,3271.0,19731.0,1.0
308,Mobile,168.0,10.5,6522.0,142334.0,3.0
309,Desktop,9.0,3.2,3966.0,41126.0,2.0
310,Mobile,14.0,2.3,3789.0,14853.0,3.0
311,Mobile,26.0,23.7,8149.0,315778.0,6.0
312,Mobile,15.0,1.5,3832.0,17042.0,2.0
313,Desktop,290.0,3.3,2427.0,24929.0,1.0
314,Desktop,234.0,0.6,2519.0,4612.0,1.0
315,Mobile,321.0,1.9,1743.0,5018.0,1.0
316,Desktop,188.0,4.8,6772.0,54277.0,3.0
317,Tablet,11.0,24.2,9566.0,514540.0,6.0
318,Desktop,12.0,1.4,5431.0,21922.0,3.0
319,Mobile,349.0,1.3,2894.0,8305.0,1.0
320,Mobile,20.0,2.5,4046.0,33571.0,2.0
321,Mobile,163.0,16.0,4708.0,181479.0,4.0
322,Mobile,22.0,11.2,6017.0,186055.0,4.0
323,Mobile,131.0,12.5,5254.0,176587.0,4.0
324,Desktop,146.0,8.2,6332.0,179258.0,2.0
325,Mobile,24.0,9.7,5825.0,95813.0,5.0
326,Mobile,29.0,15.3,6500.0,271160.0,4.0
327,Tablet,320.0,1.6,3167.0,16977.0,1.0
328,Mobile,34.0,8.8,5224.0,104229.0,4.0
329,Desktop,18.0,22.9,9768.0,681794.0,7.0
330,Mobile,276.0,2.3,2408.0,14443.0,1.0
331,Mobile,150.0,11.9,4158.0,79055.0,4.0
332,Desktop,178.0,5.3,5683.0,52526.0,4.0
333,Mobile,19.0,2.5,3916.0,17905.0,2.0
334,Mobile,12.0,22.7,8338.0,528595.0,6.0
335,Desktop,140.0,15.6,5385.0,251785.0,3.0
336,Desktop,1.0,1.8,4916.0,21816.0,2.0
337,Mobile,37.0,17.3,5305.0,192225.0,3.0
338,Desktop,12.0,1.3,4374.0,19705.0,2.0
339,Desktop,40.0,16.3,5878.0,193393.0,4.0
340,Mobile,305.0,1.6,2460.0,10108.0,1.0
341,Mobile,5.0,2.2,3743.0,28160.0,2.0
342,Mobile,23.0,15.2,4446.0,140666.0,4.0
343,Desktop,19.0,11.7,4907.0,87171.0,5.0
344,Mobile,302.0,0.9,2535.0,3605.0,1.0
345,Desktop,318.0,0.8,2462.0,6195.0,1.0
346,Mobile,10.0,1.3,2338.0,9177.0,2.0
347,Desktop,142.0,10.8,6955.0,210791.0,2.0
348,Tablet,20.0,27.2,10807.0,710445.0,7.0
349,Desktop,37.0,18.3,5087.0,273519.0,4.0
350,Desktop,151.0,11.5,6118.0,217880.0,3.0
351,Mobile,25.0,13.0,4709.0,139222.0,4.0
352,Mobile,23.0,15.9,5637.0,302484.0,5.0
353,Mobile,218.0,1.4,2379.0,6554.0,1.0
354,Mobile,336.0,0.2,2946.0,1291.0,1.0
355,Desktop,13.0,3.6,3391.0,42433.0,3.0
356,Mobile,12.0,2.5,3356.0,15698.0,2.0
357,Desktop,159.0,13.3,6045.0,226215.0,3.0
358,Desktop,28.0,18.0,5950.0,207582.0,2.0
359,Desktop,10.0,29.1,9269.0,773171.0,6.0
360,Tablet,14.0,2.9,3874.0,19614.0,2.0
361,Mobile,378.0,0.9,2333.0,4843.0,1.0
362,Desktop,12.0,0.7,4305.0,7445.0,3.0
363,Mobile,34.0,19.8,4458.0,213475.0,3.0
364,Desktop,11.0,17.4,10216.0,402975.0,5.0
365,Mobile,25.0,20.2,5053.0,199410.0,2.0
366,Desktop,24.0,19.7,4495.0,185898.0,3.0
367,Desktop,8.0,1.4,4125.0,13377.0,3.0
368,Desktop,15.0,25.4,10168.0,672384.0,5.0
369,Tablet,10.0,1.6,3800.0,16005.0,2.0
370,Desktop,160.0,7.7,6321.0,89526.0,3.0
371,Desktop,34.0,18.7,4458.0,270378.0,4.0
372,Desktop,8.0,26.0,9950.0,489530.0,6.0
373,Mobile,316.0,2.5,3288.0,20450.0,1.0
374,Mobile,18.0,26.7,9086.0,836394.0,5.0
375,Tablet,45.0,17.4,5154.0,170179.0,5.0
376,Mobile,10.0,3.7,3976.0,41843.0,2.0
377,Mobile,11.0,18.5,8655.0,270341.0,5.0
378,Mobile,31.0,7.0,4063.0,80820.0,3.0
379,Mobile,256.0,0.2,2135.0,1151.0,1.0
380,Mobile,12.0,25.6,7965.0,568113.0,5.0
381,Tablet,16.0,27.4,9607.0,733263.0,6.0
382,Mobile,14.0,3.4,3910.0,24685.0,2.0
383,Mobile,137.0,4.7,5752.0,90645.0,3.0
384,Mobile,149.0,10.1,,187980.0,4.0
385,Desktop,10.0,0.2,3651.0,1629.0,3.0
386,Mobile,276.0,0.8,2245.0,2748.0,1.0
387,Mobile,30.0,9.6,4184.0,82829.0,4.0
388,Desktop,9.0,24.4,8770.0,599115.0,6.0
389,Tablet,18.0,21.3,8194.0,414603.0,6.0
390,Mobile,305.0,1.0,2511.0,7671.0,1.0
391,Mobile,10.0,1.9,2975.0,10480.0,2.0
392,Mobile,14.0,21.2,8666.0,542068.0,6.0
393,Mobile,246.0,0.2,2324.0,1000.0,1.0
394,Tablet,7.0,2.5,4702.0,36726.0,2.0
395,Mobile,21.0,17.5,5228.0,174215.0,5.0
396,Mobile,147.0,5.7,6189.0,67724.0,3.0
397,Mobile,259.0,0.6,1857.0,2180.0,1.0
398,Desktop,42.0,14.6,4482.0,125613.0,4.0
399,Tablet,32.0,12.7,5031.0,104451.0,6.0
400,Desktop,30.0,14.8,4699.0,220816.0,3.0
401,Mobile,5.0,1.9,3925.0,22580.0,2.0
402,Desktop,198.0,6.1,5483.0,104889.0,3.0
403,Mobile,23.0,27.0,7677.0,619749.0,7.0
404,Desktop,7.0,23.4,8391.0,307344.0,7.0
405,Desktop,128.0,9.4,4811.0,95848.0,4.0
406,Desktop,279.0,2.0,3288.0,21082.0,1.0
407,Mobile,5.0,19.9,8534.0,481725.0,6.0
408,Desktop,293.0,0.2,2211.0,1000.0,2.0
409,Desktop,160.0,9.2,4765.0,77515.0,3.0
410,Mobile,13.0,23.0,10368.0,554751.0,7.0
411,Mobile,11.0,2.9,4237.0,25565.0,2.0
412,Mobile,21.0,25.0,8636.0,411667.0,6.0
413,Mobile,25.0,26.6,9491.0,576837.0,6.0
414,Mobile,263.0,0.2,2268.0,1000.0,1.0
415,Mobile,270.0,3.1,2216.0,23647.0,1.0
416,Mobile,169.0,11.9,6617.0,160904.0,3.0
417,Desktop,10.0,24.7,7398.0,301805.0,5.0
418,Mobile,144.0,8.5,6538.0,100282.0,1.0
419,Desktop,147.0,8.8,5933.0,88509.0,2.0
420,Mobile,279.0,1.2,2088.0,7425.0,1.0
421,Desktop,13.0,1.1,3811.0,10493.0,1.0
422,Mobile,4.0,17.2,8296.0,259843.0,8.0
423,Desktop,16.0,24.7,8936.0,645020.0,7.0
424,Desktop,255.0,0.2,1948.0,1000.0,1.0
425,Mobile,30.0,18.2,3809.0,171578.0,4.0
426,Desktop,34.0,18.6,5661.0,319004.0,4.0
427,Mobile,10.0,3.2,3353.0,34656.0,1.0
428,Mobile,154.0,5.8,4546.0,55825.0,4.0
429,Desktop,30.0,19.3,5122.0,244385.0,4.0
430,Mobile,117.0,11.9,6669.0,212072.0,2.0
431,Mobile,132.0,12.8,6222.0,175047.0,3.0
432,Desktop,252.0,0.4,2707.0,2601.0,1.0
433,Desktop,26.0,10.3,4957.0,83954.0,4.0
434,Mobile,289.0,0.4,2517.0,2653.0,1.0
435,Desktop,12.0,1.2,4607.0,8907.0,1.0
436,Desktop,267.0,2.0,3582.0,13083.0,1.0
437,Desktop,15.0,21.8,9132.0,404440.0,6.0
438,Desktop,40.0,19.6,4240.0,226488.0,5.0
439,Mobile,347.0,0.7,3632.0,5706.0,2.0
440,Tablet,12.0,23.2,8215.0,469362.0,5.0
441,Desktop,11.0,19.2,8934.0,488812.0,7.0
442,Desktop,152.0,8.6,6188.0,110281.0,2.0
443,Desktop,12.0,27.2,7284.0,406064.0,5.0
444,Mobile,312.0,2.5,2726.0,11257.0,1.0
445,Mobile,11.0,3.5,4999.0,52670.0,2.0
446,Mobile,6.0,1.7,4340.0,25661.0,2.0
447,Mobile,7.0,1.7,3632.0,10375.0,1.0
448,Mobile,1.0,1.2,3016.0,9598.0,1.0
449,Mobile,9.0,27.3,8416.0,783445.0,6.0
450,Desktop,15.0,1.9,4098.0,15492.0,2.0
451,Desktop,28.0,21.8,5533.0,221738.0,4.0
452,Desktop,288.0,0.9,1645.0,4973.0,1.0
453,Mobile,338.0,0.6,2217.0,4150.0,1.0
454,Mobile,34.0,15.3,5458.0,227401.0,4.0
455,Tablet,36.0,19.1,,320835.0,4.0
456,Mobile,14.0,1.5,3443.0,9920.0,2.0
457,Mobile,286.0,0.4,3130.0,1831.0,1.0
458,Desktop,30.0,10.4,4618.0,113793.0,4.0
459,Mobile,360.0,1.8,3066.0,18825.0,1.0
460,Mobile,20.0,11.3,4692.0,89359.0,3.0
461,Desktop,281.0,2.9,2494.0,23400.0,1.0
462,Desktop,6.0,1.8,3755.0,15962.0,2.0
463,Desktop,34.0,14.7,4595.0,113282.0,4.0
464,Mobile,168.0,14.9,5406.0,152291.0,2.0
465,Desktop,17.0,27.5,7993.0,677076.0,6.0
466,Desktop,2.0,2.3,,21407.0,1.0
467,Mobile,16.0,0.5,3990.0,5136.0,2.0
468,Desktop,31.0,14.3,4552.0,153765.0,5.0
469,Mobile,33.0,16.1,4293.0,208733.0,5.0
470,Mobile,32.0,13.0,5153.0,175956.0,5.0
471,Mobile,15.0,28.3,9456.0,823563.0,7.0
472,Desktop,317.0,0.2,2896.0,1000.0,2.0
473,Desktop,36.0,18.5,4757.0,148413.0,3.0
474,Mobile,4.0,18.9,8958.0,330693.0,7.0
475,Mobile,24.0,21.6,9393.0,371525.0,6.0
476,Mobile,46.0,14.6,4661.0,211321.0,4.0
477,Mobile,12.0,4.8,3468.0,45076.0,2.0
478,Mobile,167.0,11.2,6471.0,242035.0,2.0
479,Mobile,265.0,3.1,2105.0,15962.0,1.0
480,Mobile,150.0,14.3,6298.0,172996.0,2.0
481,Mobile,14.0,1.1,4692.0,16273.0,2.0
482,Mobile,18.0,27.5,8168.0,631748.0,5.0
483,Mobile,156.0,8.6,5797.0,119253.0,4.0
484,Mobile,29.0,15.7,4996.0,221235.0,5.0
485,Desktop,330.0,2.1,1779.0,11296.0,1.0
486,Desktop,29.0,15.8,4506.0,165178.0,4.0
487,Mobile,14.0,26.8,6674.0,276579.0,6.0
488,Mobile,32.0,10.1,4804.0,123431.0,5.0
489,Desktop,127.0,6.5,4593.0,91728.0,2.0
490,Mobile,12.0,30.8,8365.0,631986.0,8.0
491,Desktop,347.0,0.2,2435.0,1061.0,1.0
492,Mobile,159.0,12.5,5037.0,191921.0,4.0
493,Desktop,304.0,0.6,2681.0,4918.0,1.0
494,Desktop,6.0,2.8,3427.0,19360.0,2.0
495,Tablet,317.0,0.2,3124.0,1919.0,1.0
496,Desktop,155.0,11.5,6273.0,186593.0,3.0
497,Mobile,156.0,11.2,6098.0,228626.0,2.0
498,Mobile,10.0,24.0,8725.0,323575.0,4.0
499,Mobile,11.0,27.8,9130.0,524594.0,6.0
500,Desktop,31.0,16.0,4603.0,160415.0,4.0
501,Mobile,176.0,13.5,7675.0,266384.0,4.0
502,Desktop,186.0,3.5,6101.0,46978.0,1.0
503,Desktop,25.0,15.8,6258.0,169700.0,3.0
504,Desktop,10.0,23.4,7661.0,422725.0,5.0
505,Tablet,40.0,15.8,5617.0,162100.0,4.0
506,Desktop,15.0,21.0,9402.0,475228.0,4.0
507,Desktop,8.0,27.8,7833.0,747824.0,6.0
508,Mobile,108.0,10.9,4781.0,93116.0,4.0
509,Mobile,16.0,30.0,8207.0,470150.0,4.0
510,Desktop,301.0,0.2,2789.0,1084.0,2.0
511,Mobile,10.0,1.1,3566.0,9002.0,2.0
512,Mobile,28.0,14.6,5486.0,257534.0,3.0
513,Desktop,238.0,2.1,3566.0,22328.0,1.0
514,Desktop,37.0,11.1,4575.0,176348.0,4.0
515,Mobile,12.0,2.9,5211.0,22803.0,3.0
516,Desktop,20.0,24.8,9130.0,507445.0,5.0
517,Mobile,155.0,12.1,7066.0,238651.0,3.0
518,Mobile,324.0,0.6,2445.0,2624.0,1.0
519,Desktop,294.0,1.3,2533.0,9608.0,2.0
520,Desktop,28.0,11.4,6645.0,130053.0,4.0
521,Mobile,24.0,25.3,7473.0,656878.0,4.0
522,Mobile,150.0,12.2,6480.0,268505.0,3.0
523,Desktop,150.0,13.2,6286.0,175352.0,3.0
524,Mobile,27.0,15.5,4860.0,119912.0,4.0
525,Desktop,394.0,0.2,1874.0,1083.0,1.0
526,Mobile,174.0,9.7,6236.0,187383.0,3.0
527,Mobile,152.0,13.3,6195.0,237815.0,2.0
528,Mobile,2.0,3.6,4603.0,37726.0,2.0
529,Mobile,163.0,8.8,5574.0,123193.0,4.0
530,Mobile,9.0,1.2,3731.0,9246.0,2.0
531,Desktop,15.0,23.2,7589.0,510621.0,5.0
532,Mobile,187.0,10.0,4284.0,132078.0,2.0
533,Mobile,166.0,12.8,6506.0,252107.0,2.0
534,Mobile,27.0,14.3,4403.0,148783.0,3.0
535,Desktop,17.0,2.4,2712.0,13246.0,2.0
536,Desktop,18.0,1.2,4393.0,16744.0,2.0
537,Tablet,128.0,7.5,6342.0,162186.0,2.0
538,Desktop,13.0,2.4,4222.0,20611.0,2.0
539,Mobile,322.0,1.0,2933.0,9352.0,1.0
540,Mobile,325.0,0.3,3249.0,2329.0,2.0
541,Desktop,9.0,2.0,3803.0,16656.0,1.0
542,Mobile,127.0,12.3,5305.0,175446.0,4.0
543,Mobile,15.0,17.8,8040.0,336257.0,6.0
544,Desktop,311.0,1.2,2815.0,5805.0,1.0
545,Desktop,13.0,10.6,5366.0,153436.0,4.0
546,Mobile,311.0,1.1,,4397.0,1.0
547,Mobile,351.0,0.6,2517.0,5005.0,1.0
548,Tablet,273.0,0.2,3278.0,1213.0,1.0
549,Mobile,12.0,1.6,3918.0,15167.0,2.0
550,Mobile,17.0,13.8,3817.0,117626.0,3.0
551,Tablet,179.0,8.6,4660.0,84244.0,3.0
552,Desktop,295.0,0.2,1929.0,1000.0,1.0
553,Mobile,5.0,1.2,5003.0,17134.0,2.0
554,Desktop,28.0,21.8,7628.0,398083.0,6.0
555,Desktop,149.0,6.6,5950.0,88442.0,3.0
556,Mobile,17.0,28.3,8233.0,653743.0,8.0
557,Mobile,271.0,1.6,,9397.0,1.0
558,Mobile,6.0,1.6,4050.0,11969.0,2.0
559,Mobile,179.0,13.1,,240623.0,4.0
560,Mobile,284.0,0.8,2523.0,6793.0,1.0
561,Tablet,352.0,1.5,2505.0,6699.0,1.0
562,Mobile,12.0,3.5,3838.0,45918.0,3.0
563,Desktop,4.0,0.6,4148.0,5667.0,2.0
564,Tablet,24.0,27.2,8196.0,422068.0,6.0
565,Mobile,25.0,16.3,5499.0,193307.0,5.0
566,Mobile,22.0,26.6,8629.0,458741.0,9.0
567,Mobile,32.0,14.8,5479.0,173404.0,4.0
568,Mobile,138.0,9.1,5179.0,161923.0,4.0
569,Mobile,18.0,11.2,,167021.0,5.0
570,Desktop,136.0,14.6,6818.0,304430.0,3.0
571,Mobile,34.0,13.1,4283.0,97705.0,4.0
572,Desktop,11.0,3.1,4577.0,35623.0,2.0
573,Mobile,281.0,3.8,2973.0,35926.0,1.0
574,Desktop,18.0,26.0,9150.0,452909.0,5.0
575,Mobile,335.0,3.3,,17586.0,1.0
576,Desktop,195.0,9.2,7102.0,115671.0,3.0
577,Tablet,29.0,17.4,5328.0,146472.0,4.0
578,Mobile,7.0,16.4,3568.0,186442.0,4.0
579,Mobile,163.0,2.9,7172.0,48960.0,1.0
580,Desktop,20.0,24.2,9593.0,466907.0,9.0
581,Mobile,26.0,16.4,4831.0,274135.0,4.0
582,Desktop,17.0,23.6,9438.0,659641.0,7.0
583,Mobile,363.0,0.7,2281.0,3148.0,1.0
584,Mobile,148.0,16.9,5838.0,285254.0,4.0
585,Desktop,12.0,0.7,4116.0,6724.0,3.0
586,Mobile,15.0,28.5,9469.0,858138.0,7.0
587,Mobile,295.0,0.2,3275.0,1787.0,1.0
588,Desktop,30.0,19.2,6117.0,353856.0,4.0
589,Desktop,310.0,0.6,2606.0,2932.0,2.0
590,Desktop,316.0,1.7,1875.0,7581.0,2.0
591,Mobile,33.0,18.4,5463.0,321255.0,5.0
592,Mobile,31.0,22.2,5343.0,367579.0,5.0
593,Mobile,47.0,13.5,5049.0,139577.0,5.0
594,Mobile,18.0,2.7,,28915.0,2.0
595,Mobile,23.0,17.7,5858.0,292835.0,4.0
596,Desktop,360.0,2.8,2838.0,27968.0,1.0
597,Mobile,9.0,24.9,,669513.0,5.0
598,Desktop,18.0,23.3,9235.0,337277.0,6.0
599,Mobile,20.0,29.9,7917.0,544326.0,6.0
600,Mobile,318.0,0.2,2197.0,1051.0,1.0
601,Tablet,287.0,0.9,2572.0,6100.0,2.0
602,Mobile,326.0,0.4,3087.0,4169.0,1.0
603,Desktop,8.0,2.4,4616.0,27372.0,2.0
604,Mobile,24.0,16.4,4600.0,237367.0,4.0
605,Mobile,6.0,2.7,3811.0,28053.0,2.0
606,Desktop,314.0,0.3,2061.0,1667.0,1.0
607,Desktop,10.0,2.4,4377.0,16374.0,2.0
608,Desktop,131.0,9.6,5740.0,177677.0,3.0
609,Tablet,20.0,27.0,10040.0,787679.0,7.0
610,Desktop,310.0,2.3,2296.0,13880.0,1.0
611,Mobile,253.0,0.2,2139.0,1000.0,1.0
612,Desktop,274.0,1.7,3090.0,15676.0,1.0
613,Tablet,201.0,8.4,7422.0,135167.0,4.0
614,Desktop,342.0,0.4,3941.0,5324.0,2.0
615,Desktop,122.0,10.0,7246.0,211263.0,3.0
616,Mobile,29.0,18.3,5364.0,270548.0,3.0
617,Mobile,29.0,15.6,6019.0,199731.0,3.0
618,Mobile,10.0,1.1,3557.0,11845.0,2.0
619,Desktop,168.0,8.4,6726.0,190604.0,3.0
620,Desktop,17.0,22.9,7627.0,267893.0,5.0
621,Mobile,43.0,17.3,5444.0,273257.0,5.0
622,Mobile,2.0,28.8,9035.0,662728.0,7.0
623,Desktop,12.0,27.9,9013.0,604609.0,7.0
624,Mobile,284.0,0.4,3694.0,3930.0,1.0
625,Desktop,310.0,0.2,3402.0,1329.0,1.0
626,Desktop,308.0,2.9,2281.0,17200.0,2.0
627,Mobile,10.0,4.3,3195.0,26405.0,2.0
628,Tablet,12.0,24.8,10235.0,706910.0,5.0
629,Desktop,8.0,12.1,4848.0,189610.0,4.0
630,Desktop,17.0,11.3,5713.0,157605.0,4.0
631,Mobile,322.0,0.5,3836.0,4515.0,1.0
632,Desktop,36.0,21.4,5425.0,338705.0,3.0
633,Mobile,16.0,26.7,,539183.0,7.0
634,Desktop,14.0,26.7,,514196.0,5.0
635,Mobile,181.0,11.6,5785.0,202774.0,2.0
636,Mobile,17.0,14.2,6011.0,245718.0,2.0
637,Mobile,10.0,20.7,8062.0,484935.0,7.0
638,Desktop,17.0,23.0,9807.0,562538.0,6.0
639,Mobile,20.0,15.4,4739.0,148733.0,3.0
640,Mobile,305.0,0.3,2553.0,1633.0,1.0
641,Mobile,23.0,24.3,9480.0,598891.0,6.0
642,Mobile,20.0,12.4,4445.0,145399.0,3.0
643,Mobile,128.0,9.0,,164962.0,2.0
644,Mobile,16.0,13.3,5342.0,108152.0,4.0
645,Mobile,20.0,17.9,7423.0,346536.0,5.0
646,Mobile,136.0,12.0,6183.0,193192.0,3.0
647,Desktop,6.0,2.1,4095.0,26086.0,3.0
648,Desktop,341.0,0.2,2663.0,1311.0,2.0
649,Mobile,273.0,2.3,2364.0,14771.0,1.0
650,Desktop,5.0,0.3,3255.0,2117.0,2.0
651,Mobile,130.0,4.6,5360.0,61309.0,4.0
652,Mobile,20.0,28.3,8260.0,644142.0,5.0
653,Tablet,10.0,2.6,4322.0,36568.0,1.0
654,Mobile,14.0,3.6,,21445.0,2.0
655,Mobile,13.0,1.8,4430.0,17194.0,2.0
656,Mobile,12.0,20.1,8913.0,514272.0,4.0
657,Mobile,17.0,29.9,8322.0,707464.0,6.0
658,Mobile,190.0,10.6,6676.0,237331.0,3.0
659,Tablet,280.0,0.2,2951.0,1095.0,1.0
660,Tablet,308.0,1.7,2066.0,11886.0,1.0
661,Desktop,30.0,16.1,4539.0,171936.0,5.0
662,Mobile,1.0,22.5,8082.0,313496.0,4.0
663,Mobile,19.0,17.0,5665.0,273000.0,3.0
664,Tablet,309.0,0.4,3551.0,3427.0,1.0
665,Mobile,34.0,16.8,3943.0,100451.0,5.0
666,Desktop,38.0,11.9,3944.0,120704.0,6.0
667,Mobile,11.0,1.7,3586.0,16067.0,3.0
668,Tablet,301.0,0.2,2172.0,1000.0,1.0
669,Mobile,308.0,3.1,2645.0,16894.0,1.0
670,Mobile,5.0,3.1,4863.0,31196.0,4.0
671,Mobile,13.0,1.4,4523.0,13228.0,2.0
672,Mobile,312.0,1.7,2432.0,11685.0,1.0
673,Desktop,32.0,9.0,3001.0,85835.0,4.0
674,Desktop,30.0,10.4,4782.0,151337.0,3.0
675,Desktop,25.0,11.2,4127.0,100540.0,4.0
676,Mobile,12.0,2.9,3140.0,14114.0,3.0
677,Mobile,295.0,0.2,2109.0,1221.0,1.0
678,Mobile,103.0,13.7,6341.0,131935.0,3.0
679,Desktop,329.0,0.2,2433.0,1218.0,1.0
680,Mobile,20.0,1.2,4051.0,9437.0,2.0
681,Mobile,11.0,2.7,4884.0,27181.0,2.0
682,Mobile,30.0,14.8,3893.0,123286.0,5.0
683,Mobile,343.0,0.2,,1158.0,2.0
684,Mobile,32.0,20.8,4689.0,312029.0,3.0
685,Mobile,249.0,0.3,2477.0,2368.0,2.0
686,Tablet,10.0,27.7,8241.0,711507.0,6.0
687,Mobile,12.0,2.4,3560.0,26061.0,2.0
688,Tablet,112.0,12.4,6455.0,155725.0,3.0
689,Tablet,12.0,1.6,3448.0,18651.0,2.0
690,Mobile,1.0,2.3,3887.0,22071.0,2.0
691,Desktop,9.0,1.5,3204.0,15622.0,1.0
692,Desktop,16.0,9.8,5409.0,143333.0,4.0
693,Mobile,316.0,3.0,2836.0,16986.0,1.0
694,Tablet,21.0,22.7,8981.0,495930.0,6.0
695,Mobile,14.0,3.3,4790.0,28272.0,1.0
696,Mobile,27.0,17.5,4697.0,212225.0,4.0
697,Desktop,15.0,1.4,4471.0,13739.0,3.0
698,Tablet,267.0,3.3,2744.0,22368.0,1.0
699,Mobile,12.0,2.4,4648.0,35025.0,2.0
700,Mobile,327.0,1.1,3070.0,8521.0,2.0
701,Desktop,11.0,18.0,9046.0,339926.0,7.0
702,Desktop,10.0,2.0,4111.0,28283.0,3.0
703,Desktop,23.0,15.0,5205.0,208515.0,4.0
704,Mobile,17.0,24.9,8483.0,459487.0,6.0
705,Mobile,6.0,2.4,3995.0,30894.0,3.0
706,Mobile,154.0,10.2,,192065.0,4.0
707,Desktop,41.0,16.7,5207.0,223132.0,3.0
708,Mobile,135.0,10.9,6622.0,154254.0,2.0
709,Desktop,293.0,1.2,2144.0,7421.0,2.0
710,Mobile,29.0,12.8,4252.0,185135.0,4.0
711,Desktop,16.0,1.4,5718.0,22667.0,2.0
712,Mobile,33.0,18.9,5088.0,260222.0,4.0
713,Desktop,23.0,20.3,8818.0,309015.0,6.0
714,Desktop,173.0,11.8,6649.0,128703.0,2.0
715,Mobile,272.0,1.2,1858.0,3495.0,1.0
716,Desktop,92.0,9.7,5439.0,128173.0,3.0
717,Tablet,20.0,27.3,8217.0,508888.0,8.0
718,Mobile,12.0,2.3,3467.0,21080.0,1.0
719,Mobile,191.0,8.7,6822.0,198872.0,4.0
720,Mobile,12.0,24.5,8520.0,464523.0,7.0
721,Desktop,180.0,15.1,,275221.0,2.0
722,Mobile,316.0,1.9,2741.0,13946.0,1.0
723,Mobile,4.0,2.7,3682.0,17036.0,2.0
724,Desktop,34.0,19.0,4781.0,301788.0,4.0
725,Mobile,17.0,2.1,4925.0,28079.0,2.0
726,Desktop,18.0,24.7,10110.0,447394.0,7.0
727,Tablet,328.0,0.2,,1412.0,1.0
728,Mobile,25.0,14.1,5063.0,180882.0,5.0
729,Desktop,16.0,19.4,5539.0,305131.0,5.0
730,Desktop,15.0,26.0,9088.0,463677.0,6.0
731,Desktop,23.0,11.6,5325.0,103540.0,4.0
732,Mobile,19.0,17.5,6027.0,162398.0,3.0
733,Mobile,29.0,13.3,4477.0,124384.0,3.0
734,Mobile,15.0,14.1,3822.0,139139.0,4.0
735,Mobile,3.0,24.3,8442.0,416051.0,8.0
736,Desktop,42.0,15.2,5097.0,192645.0,3.0
737,Desktop,12.0,22.6,8600.0,514406.0,5.0
738,Tablet,144.0,3.7,6045.0,42023.0,4.0
739,Mobile,325.0,0.4,2573.0,2360.0,1.0
740,Mobile,25.0,26.2,8393.0,344950.0,5.0
741,Mobile,360.0,1.0,3600.0,9782.0,1.0
742,Desktop,135.0,10.9,7532.0,273088.0,3.0
743,Desktop,35.0,13.3,4879.0,145897.0,5.0
744,Desktop,313.0,0.8,1985.0,4892.0,1.0
745,Desktop,39.0,17.7,5070.0,163827.0,3.0
746,Desktop,207.0,12.5,5869.0,130114.0,2.0
747,Desktop,196.0,13.7,6366.0,259632.0,4.0
748,Mobile,286.0,3.1,2267.0,23169.0,1.0
749,Desktop,373.0,1.1,2900.0,5668.0,1.0
750,Mobile,257.0,0.7,2457.0,2758.0,1.0
